id,ejecucion_id,recurso,seccion,fecha,h_ini,h_fin,tiempo,proceso,incidencia,cantidad,malas,recuperadas,referencia
129,1,luk3,LINEAS,2026-03-02,06:00,14:00,4.61,Producción,,400.0,8.0,0.0,03304
757,2,luk3,LINEAS,2026-03-02,06:00,14:00,4.61,Producción,,400.0,8.0,0.0,03304
130,1,luk3,LINEAS,2026-03-02,06:01,06:39,0.63,Incidencia,MANTENIMIENTO PRIMER NIVEL,0.0,8.0,0.0,03304
758,2,luk3,LINEAS,2026-03-02,06:01,06:39,0.63,Incidencia,MANTENIMIENTO PRIMER NIVEL,0.0,8.0,0.0,03304
131,1,luk3,LINEAS,2026-03-02,06:57,07:05,0.13,Incidencia,PARADA ROBOT,0.0,8.0,0.0,03304
759,2,luk3,LINEAS,2026-03-02,06:57,07:05,0.13,Incidencia,PARADA ROBOT,0.0,8.0,0.0,03304
132,1,luk3,LINEAS,2026-03-02,07:17,07:28,0.18,Incidencia,PARADA ROBOT,0.0,8.0,0.0,03304
760,2,luk3,LINEAS,2026-03-02,07:17,07:28,0.18,Incidencia,PARADA ROBOT,0.0,8.0,0.0,03304
133,1,luk3,LINEAS,2026-03-02,07:44,07:49,0.08,Incidencia,PARADA ROBOT,0.0,8.0,0.0,03304
761,2,luk3,LINEAS,2026-03-02,07:44,07:49,0.08,Incidencia,PARADA ROBOT,0.0,8.0,0.0,03304
134,1,luk3,LINEAS,2026-03-02,07:51,07:57,0.1,Incidencia,PARADA ROBOT,0.0,8.0,0.0,03304
762,2,luk3,LINEAS,2026-03-02,07:51,07:57,0.1,Incidencia,PARADA ROBOT,0.0,8.0,0.0,03304
135,1,luk3,LINEAS,2026-03-02,08:01,08:15,0.23,Incidencia,PARADA ROBOT,0.0,8.0,0.0,03304
763,2,luk3,LINEAS,2026-03-02,08:01,08:15,0.23,Incidencia,PARADA ROBOT,0.0,8.0,0.0,03304
136,1,luk3,LINEAS,2026-03-02,08:23,09:33,1.17,Incidencia,PARADA ROBOT,0.0,8.0,0.0,03304
764,2,luk3,LINEAS,2026-03-02,08:23,09:33,1.17,Incidencia,PARADA ROBOT,0.0,8.0,0.0,03304
137,1,luk3,LINEAS,2026-03-02,09:34,09:49,0.25,Incidencia,PARADA ROBOT,0.0,8.0,0.0,03304
765,2,luk3,LINEAS,2026-03-02,09:34,09:49,0.25,Incidencia,PARADA ROBOT,0.0,8.0,0.0,03304
138,1,luk3,LINEAS,2026-03-02,09:49,10:26,0.62,Incidencia,CORRECCIÓN DE CONO,0.0,8.0,0.0,03304
766,2,luk3,LINEAS,2026-03-02,09:49,10:26,0.62,Incidencia,CORRECCIÓN DE CONO,0.0,8.0,0.0,03304
139,1,luk3,LINEAS,2026-03-02,14:00,18:59,4.42,Producción,,417.0,1.0,0.0,03304
767,2,luk3,LINEAS,2026-03-02,14:00,18:59,4.42,Producción,,417.0,1.0,0.0,03304
140,1,luk3,LINEAS,2026-03-02,14:31,14:40,0.15,Incidencia,PARADA ROBOT,0.0,1.0,0.0,03304
768,2,luk3,LINEAS,2026-03-02,14:31,14:40,0.15,Incidencia,PARADA ROBOT,0.0,1.0,0.0,03304
141,1,luk3,LINEAS,2026-03-02,15:51,16:02,0.18,Incidencia,PARADA ROBOT,0.0,1.0,0.0,03304
769,2,luk3,LINEAS,2026-03-02,15:51,16:02,0.18,Incidencia,PARADA ROBOT,0.0,1.0,0.0,03304
142,1,luk3,LINEAS,2026-03-02,18:44,18:58,0.23,Incidencia,RECUPERAR PIEZAS,0.0,1.0,0.0,03304
770,2,luk3,LINEAS,2026-03-02,18:44,18:58,0.23,Incidencia,RECUPERAR PIEZAS,0.0,1.0,0.0,03304
143,1,luk3,LINEAS,2026-03-02,18:59,20:08,1.15,Preparación,,0.0,0.0,0.0,081000
771,2,luk3,LINEAS,2026-03-02,18:59,20:08,1.15,Preparación,,0.0,0.0,0.0,081000
144,1,luk3,LINEAS,2026-03-02,20:08,21:59,1.0,Producción,,90.0,0.0,0.0,081000
145,1,luk3,LINEAS,2026-03-02,20:08,20:59,0.85,Incidencia,PENDIENTE Vº BUENO,0.0,0.0,0.0,081000
772,2,luk3,LINEAS,2026-03-02,20:08,21:59,1.0,Producción,,90.0,0.0,0.0,081000
773,2,luk3,LINEAS,2026-03-02,20:08,20:59,0.85,Incidencia,PENDIENTE Vº BUENO,0.0,0.0,0.0,081000
146,1,luk3,LINEAS,2026-03-02,22:01,06:00,7.26,Producción,,636.0,13.0,0.0,081000
774,2,luk3,LINEAS,2026-03-02,22:01,06:00,7.26,Producción,,636.0,13.0,0.0,081000
147,1,luk3,LINEAS,2026-03-03,06:00,13:59,4.3,Producción,,378.0,7.0,0.0,081000
775,2,luk3,LINEAS,2026-03-03,06:00,13:59,4.3,Producción,,378.0,7.0,0.0,081000
148,1,luk3,LINEAS,2026-03-03,06:48,06:56,0.13,Incidencia,AVERIA,0.0,0.0,0.0,
776,2,luk3,LINEAS,2026-03-03,06:48,06:56,0.13,Incidencia,AVERIA,0.0,0.0,0.0,
149,1,luk3,LINEAS,2026-03-03,07:40,10:59,3.32,Incidencia,AVERIA,0.0,0.0,0.0,
777,2,luk3,LINEAS,2026-03-03,07:40,10:59,3.32,Incidencia,AVERIA,0.0,0.0,0.0,
150,1,luk3,LINEAS,2026-03-03,11:58,12:04,0.1,Incidencia,PARADA ROBOT,0.0,7.0,0.0,081000
778,2,luk3,LINEAS,2026-03-03,11:58,12:04,0.1,Incidencia,PARADA ROBOT,0.0,7.0,0.0,081000
151,1,luk3,LINEAS,2026-03-03,13:37,13:45,0.13,Incidencia,CAMBIO DE CUCHILLA,0.0,7.0,0.0,081000
779,2,luk3,LINEAS,2026-03-03,13:37,13:45,0.13,Incidencia,CAMBIO DE CUCHILLA,0.0,7.0,0.0,081000
152,1,luk3,LINEAS,2026-03-03,13:59,16:03,2.07,Producción,,180.0,4.0,0.0,081000
780,2,luk3,LINEAS,2026-03-03,13:59,16:03,2.07,Producción,,180.0,4.0,0.0,081000
153,1,luk3,LINEAS,2026-03-03,16:04,22:02,5.84,Producción,,518.0,4.0,0.0,081000
781,2,luk3,LINEAS,2026-03-03,16:04,22:02,5.84,Producción,,518.0,4.0,0.0,081000
154,1,luk3,LINEAS,2026-03-03,16:20,16:28,0.13,Incidencia,PARADA ROBOT,0.0,4.0,0.0,081000
782,2,luk3,LINEAS,2026-03-03,16:20,16:28,0.13,Incidencia,PARADA ROBOT,0.0,4.0,0.0,081000
155,1,luk3,LINEAS,2026-03-03,22:02,06:02,7.78,Producción,,663.0,5.0,0.0,081000
783,2,luk3,LINEAS,2026-03-03,22:02,06:02,7.78,Producción,,663.0,5.0,0.0,081000
156,1,luk3,LINEAS,2026-03-03,22:18,22:24,0.1,Incidencia,PARADA ROBOT,0.0,5.0,0.0,081000
784,2,luk3,LINEAS,2026-03-03,22:18,22:24,0.1,Incidencia,PARADA ROBOT,0.0,5.0,0.0,081000
157,1,luk3,LINEAS,2026-03-04,06:02,10:13,3.93,Producción,,342.0,2.0,0.0,081000
785,2,luk3,LINEAS,2026-03-04,06:02,10:13,3.93,Producción,,342.0,2.0,0.0,081000
158,1,luk3,LINEAS,2026-03-04,07:48,07:55,0.12,Incidencia,CAMBIO DE CUCHILLA,0.0,2.0,0.0,081000
786,2,luk3,LINEAS,2026-03-04,07:48,07:55,0.12,Incidencia,CAMBIO DE CUCHILLA,0.0,2.0,0.0,081000
159,1,luk3,LINEAS,2026-03-04,09:40,09:48,0.13,Incidencia,CAMBIO DE CUCHILLA,0.0,2.0,0.0,081000
787,2,luk3,LINEAS,2026-03-04,09:40,09:48,0.13,Incidencia,CAMBIO DE CUCHILLA,0.0,2.0,0.0,081000
160,1,luk3,LINEAS,2026-03-04,10:13,13:58,3.57,Producción,,318.0,8.0,0.0,081000
788,2,luk3,LINEAS,2026-03-04,10:13,13:58,3.57,Producción,,318.0,8.0,0.0,081000
161,1,luk3,LINEAS,2026-03-04,13:40,13:51,0.18,Incidencia,CAMBIO DE CUCHILLA,0.0,8.0,0.0,081000
789,2,luk3,LINEAS,2026-03-04,13:40,13:51,0.18,Incidencia,CAMBIO DE CUCHILLA,0.0,8.0,0.0,081000
162,1,luk3,LINEAS,2026-03-04,13:58,16:52,2.9,Producción,,254.0,4.0,0.0,081000
790,2,luk3,LINEAS,2026-03-04,13:58,16:52,2.9,Producción,,254.0,4.0,0.0,081000
163,1,luk3,LINEAS,2026-03-04,16:53,18:20,1.45,Preparación,,1.0,0.0,0.0,081803
791,2,luk3,LINEAS,2026-03-04,16:53,18:20,1.45,Preparación,,1.0,0.0,0.0,081803
164,1,luk3,LINEAS,2026-03-04,18:20,22:00,2.67,Producción,,254.0,3.0,0.0,081803
165,1,luk3,LINEAS,2026-03-04,18:20,19:20,1.0,Incidencia,PENDIENTE Vº BUENO,0.0,3.0,0.0,081803
792,2,luk3,LINEAS,2026-03-04,18:20,22:00,2.67,Producción,,254.0,3.0,0.0,081803
793,2,luk3,LINEAS,2026-03-04,18:20,19:20,1.0,Incidencia,PENDIENTE Vº BUENO,0.0,3.0,0.0,081803
166,1,luk3,LINEAS,2026-03-04,22:00,05:59,7.03,Producción,,646.0,7.0,0.0,081803
794,2,luk3,LINEAS,2026-03-04,22:00,05:59,7.03,Producción,,646.0,7.0,0.0,081803
167,1,luk3,LINEAS,2026-03-05,07:15,07:22,0.12,Incidencia,CORRECCIÓN DE CONO,0.0,5.0,0.0,081803
795,2,luk3,LINEAS,2026-03-05,07:15,07:22,0.12,Incidencia,CORRECCIÓN DE CONO,0.0,5.0,0.0,081803
168,1,luk3,LINEAS,2026-03-05,07:23,07:28,0.08,Incidencia,CORRECCIÓN DE CONO,0.0,5.0,0.0,081803
796,2,luk3,LINEAS,2026-03-05,07:23,07:28,0.08,Incidencia,CORRECCIÓN DE CONO,0.0,5.0,0.0,081803
169,1,luk3,LINEAS,2026-03-05,07:29,07:35,0.1,Incidencia,CORRECCIÓN DE CONO,0.0,5.0,0.0,081803
797,2,luk3,LINEAS,2026-03-05,07:29,07:35,0.1,Incidencia,CORRECCIÓN DE CONO,0.0,5.0,0.0,081803
170,1,luk3,LINEAS,2026-03-05,07:36,07:44,0.13,Incidencia,CORRECCIÓN DE CONO,0.0,5.0,0.0,081803
798,2,luk3,LINEAS,2026-03-05,07:36,07:44,0.13,Incidencia,CORRECCIÓN DE CONO,0.0,5.0,0.0,081803
171,1,luk3,LINEAS,2026-03-05,08:59,09:31,0.53,Preparación,,0.0,0.0,0.0,081803
799,2,luk3,LINEAS,2026-03-05,08:59,09:31,0.53,Preparación,,0.0,0.0,0.0,081803
172,1,luk3,LINEAS,2026-03-05,09:31,13:59,4.47,Producción,,416.0,4.0,0.0,081803
800,2,luk3,LINEAS,2026-03-05,09:31,13:59,4.47,Producción,,416.0,4.0,0.0,081803
173,1,luk3,LINEAS,2026-03-05,13:59,22:03,8.07,Producción,,745.0,4.0,0.0,081803
801,2,luk3,LINEAS,2026-03-05,13:59,22:03,8.07,Producción,,745.0,4.0,0.0,081803
174,1,luk3,LINEAS,2026-03-05,22:03,05:58,7.15,Producción,,675.0,16.0,0.0,081803
802,2,luk3,LINEAS,2026-03-05,22:03,05:58,7.15,Producción,,675.0,16.0,0.0,081803
175,1,luk3,LINEAS,2026-03-06,08:37,13:58,2.92,Producción,,235.0,1.0,0.0,081803
803,2,luk3,LINEAS,2026-03-06,08:37,13:58,2.92,Producción,,235.0,1.0,0.0,081803
176,1,luk3,LINEAS,2026-03-06,09:07,09:14,0.12,Incidencia,PARADA ROBOT,0.0,1.0,0.0,081803
804,2,luk3,LINEAS,2026-03-06,09:07,09:14,0.12,Incidencia,PARADA ROBOT,0.0,1.0,0.0,081803
177,1,luk3,LINEAS,2026-03-06,10:55,11:54,0.98,Incidencia,PARADA ROBOT,0.0,1.0,0.0,081803
805,2,luk3,LINEAS,2026-03-06,10:55,11:54,0.98,Incidencia,PARADA ROBOT,0.0,1.0,0.0,081803
178,1,luk3,LINEAS,2026-03-06,12:29,12:36,0.12,Incidencia,PARADA ROBOT,0.0,1.0,0.0,081803
806,2,luk3,LINEAS,2026-03-06,12:29,12:36,0.12,Incidencia,PARADA ROBOT,0.0,1.0,0.0,081803
179,1,luk3,LINEAS,2026-03-06,12:36,12:42,0.1,Incidencia,PARADA ROBOT,0.0,1.0,0.0,081803
807,2,luk3,LINEAS,2026-03-06,12:36,12:42,0.1,Incidencia,PARADA ROBOT,0.0,1.0,0.0,081803
180,1,luk3,LINEAS,2026-03-06,12:43,13:00,0.28,Incidencia,PARADA ROBOT,0.0,1.0,0.0,081803
808,2,luk3,LINEAS,2026-03-06,12:43,13:00,0.28,Incidencia,PARADA ROBOT,0.0,1.0,0.0,081803
181,1,luk3,LINEAS,2026-03-06,13:08,13:58,0.83,Incidencia,PARADA ROBOT,0.0,1.0,0.0,081803
809,2,luk3,LINEAS,2026-03-06,13:08,13:58,0.83,Incidencia,PARADA ROBOT,0.0,1.0,0.0,081803
182,1,luk3,LINEAS,2026-03-06,13:58,17:41,2.94,Producción,,271.0,4.0,0.0,081803
810,2,luk3,LINEAS,2026-03-06,13:58,17:41,2.94,Producción,,271.0,4.0,0.0,081803
183,1,luk3,LINEAS,2026-03-06,16:54,17:41,0.78,Incidencia,RECUPERAR PIEZAS,0.0,4.0,0.0,081803
811,2,luk3,LINEAS,2026-03-06,16:54,17:41,0.78,Incidencia,RECUPERAR PIEZAS,0.0,4.0,0.0,081803
184,1,luk3,LINEAS,2026-03-06,17:41,18:58,1.28,Preparación,,0.0,0.0,0.0,081290
812,2,luk3,LINEAS,2026-03-06,17:41,18:58,1.28,Preparación,,0.0,0.0,0.0,081290
185,1,luk3,LINEAS,2026-03-06,18:58,21:59,2.19,Producción,,217.0,1.0,0.0,081290
186,1,luk3,LINEAS,2026-03-06,18:58,19:48,0.83,Incidencia,PENDIENTE Vº BUENO,0.0,1.0,0.0,081290
813,2,luk3,LINEAS,2026-03-06,18:58,21:59,2.19,Producción,,217.0,1.0,0.0,081290
814,2,luk3,LINEAS,2026-03-06,18:58,19:48,0.83,Incidencia,PENDIENTE Vº BUENO,0.0,1.0,0.0,081290
187,1,luk3,LINEAS,2026-03-08,22:09,22:46,0.14,Producción,,0.0,0.0,0.0,081290
815,2,luk3,LINEAS,2026-03-08,22:09,22:46,0.14,Producción,,0.0,0.0,0.0,081290
188,1,luk3,LINEAS,2026-03-08,22:17,22:46,0.48,Incidencia,AVERIA,0.0,0.0,0.0,
816,2,luk3,LINEAS,2026-03-08,22:17,22:46,0.48,Incidencia,AVERIA,0.0,0.0,0.0,
189,1,luk3,LINEAS,2026-03-09,09:12,14:00,4.22,Producción,,412.0,4.0,0.0,081290
817,2,luk3,LINEAS,2026-03-09,09:12,14:00,4.22,Producción,,412.0,4.0,0.0,081290
190,1,luk3,LINEAS,2026-03-09,13:13,13:21,0.13,Incidencia,CAMBIO DE CUCHILLA,0.0,4.0,0.0,081290
818,2,luk3,LINEAS,2026-03-09,13:13,13:21,0.13,Incidencia,CAMBIO DE CUCHILLA,0.0,4.0,0.0,081290
191,1,luk3,LINEAS,2026-03-09,13:22,13:49,0.45,Incidencia,CAMBIO DE CUCHILLA,0.0,4.0,0.0,081290
819,2,luk3,LINEAS,2026-03-09,13:22,13:49,0.45,Incidencia,CAMBIO DE CUCHILLA,0.0,4.0,0.0,081290
192,1,luk3,LINEAS,2026-03-09,14:02,22:00,7.69,Producción,,735.0,2.0,0.0,081290
820,2,luk3,LINEAS,2026-03-09,14:02,22:00,7.69,Producción,,735.0,2.0,0.0,081290
193,1,luk3,LINEAS,2026-03-09,15:52,15:58,0.1,Incidencia,PARADA ROBOT,0.0,2.0,0.0,081290
821,2,luk3,LINEAS,2026-03-09,15:52,15:58,0.1,Incidencia,PARADA ROBOT,0.0,2.0,0.0,081290
194,1,luk3,LINEAS,2026-03-09,17:53,17:58,0.08,Incidencia,CAMBIO DE CUCHILLA,0.0,2.0,0.0,081290
822,2,luk3,LINEAS,2026-03-09,17:53,17:58,0.08,Incidencia,CAMBIO DE CUCHILLA,0.0,2.0,0.0,081290
195,1,luk3,LINEAS,2026-03-09,21:34,21:40,0.1,Incidencia,CAMBIO DE CUCHILLA,0.0,2.0,0.0,081290
823,2,luk3,LINEAS,2026-03-09,21:34,21:40,0.1,Incidencia,CAMBIO DE CUCHILLA,0.0,2.0,0.0,081290
196,1,luk3,LINEAS,2026-03-09,22:00,03:32,4.14,Producción,,372.0,5.0,0.0,081290
824,2,luk3,LINEAS,2026-03-09,22:00,03:32,4.14,Producción,,372.0,5.0,0.0,081290
197,1,luk3,LINEAS,2026-03-09,23:50,00:18,0.47,Incidencia,PARADA ROBOT,0.0,5.0,0.0,081290
825,2,luk3,LINEAS,2026-03-09,23:50,00:18,0.47,Incidencia,PARADA ROBOT,0.0,5.0,0.0,081290
198,1,luk3,LINEAS,2026-03-10,06:00,14:01,6.34,Producción,,630.0,4.0,0.0,081290
826,2,luk3,LINEAS,2026-03-10,06:00,14:01,6.34,Producción,,630.0,4.0,0.0,081290
199,1,luk3,LINEAS,2026-03-10,08:39,08:52,0.22,Incidencia,CAMBIO DE CUCHILLA,0.0,4.0,0.0,081290
827,2,luk3,LINEAS,2026-03-10,08:39,08:52,0.22,Incidencia,CAMBIO DE CUCHILLA,0.0,4.0,0.0,081290
200,1,luk3,LINEAS,2026-03-10,08:57,09:17,0.33,Incidencia,CAMBIO DE CUCHILLA,0.0,4.0,0.0,081290
828,2,luk3,LINEAS,2026-03-10,08:57,09:17,0.33,Incidencia,CAMBIO DE CUCHILLA,0.0,4.0,0.0,081290
201,1,luk3,LINEAS,2026-03-10,10:01,10:52,0.85,Incidencia,LIMPIEZA,0.0,4.0,0.0,081290
829,2,luk3,LINEAS,2026-03-10,10:01,10:52,0.85,Incidencia,LIMPIEZA,0.0,4.0,0.0,081290
202,1,luk3,LINEAS,2026-03-10,10:52,11:01,0.15,Incidencia,PARADA ROBOT,0.0,4.0,0.0,081290
830,2,luk3,LINEAS,2026-03-10,10:52,11:01,0.15,Incidencia,PARADA ROBOT,0.0,4.0,0.0,081290
203,1,luk3,LINEAS,2026-03-10,13:28,13:36,0.13,Incidencia,CAMBIO DE CUCHILLA,0.0,4.0,0.0,081290
831,2,luk3,LINEAS,2026-03-10,13:28,13:36,0.13,Incidencia,CAMBIO DE CUCHILLA,0.0,4.0,0.0,081290
204,1,luk3,LINEAS,2026-03-10,14:01,21:59,7.87,Producción,,766.0,4.0,0.0,081290
832,2,luk3,LINEAS,2026-03-10,14:01,21:59,7.87,Producción,,766.0,4.0,0.0,081290
205,1,luk3,LINEAS,2026-03-10,18:01,18:07,0.1,Incidencia,CAMBIO DE CUCHILLA,0.0,4.0,0.0,081290
833,2,luk3,LINEAS,2026-03-10,18:01,18:07,0.1,Incidencia,CAMBIO DE CUCHILLA,0.0,4.0,0.0,081290
206,1,luk3,LINEAS,2026-03-10,21:59,06:00,7.4,Producción,,717.0,4.0,0.0,081290
834,2,luk3,LINEAS,2026-03-10,21:59,06:00,7.4,Producción,,717.0,4.0,0.0,081290
207,1,luk3,LINEAS,2026-03-10,23:05,23:12,0.12,Incidencia,PARADA ROBOT,0.0,4.0,0.0,081290
835,2,luk3,LINEAS,2026-03-10,23:05,23:12,0.12,Incidencia,PARADA ROBOT,0.0,4.0,0.0,081290
208,1,luk3,LINEAS,2026-03-11,06:00,06:01,0.02,Producción,,0.0,0.0,0.0,081290
836,2,luk3,LINEAS,2026-03-11,06:00,06:01,0.02,Producción,,0.0,0.0,0.0,081290
209,1,luk3,LINEAS,2026-03-11,06:01,07:32,1.52,Preparación,,0.0,0.0,0.0,081803
837,2,luk3,LINEAS,2026-03-11,06:01,07:32,1.52,Preparación,,0.0,0.0,0.0,081803
210,1,luk3,LINEAS,2026-03-11,07:32,14:00,4.47,Producción,,456.0,4.0,0.0,081803
211,1,luk3,LINEAS,2026-03-11,07:32,09:15,1.72,Incidencia,PENDIENTE Vº BUENO,0.0,4.0,0.0,081803
838,2,luk3,LINEAS,2026-03-11,07:32,14:00,4.47,Producción,,456.0,4.0,0.0,081803
839,2,luk3,LINEAS,2026-03-11,07:32,09:15,1.72,Incidencia,PENDIENTE Vº BUENO,0.0,4.0,0.0,081803
212,1,luk3,LINEAS,2026-03-11,11:52,12:01,0.15,Incidencia,CAMBIO DE CUCHILLA,0.0,4.0,0.0,081803
840,2,luk3,LINEAS,2026-03-11,11:52,12:01,0.15,Incidencia,CAMBIO DE CUCHILLA,0.0,4.0,0.0,081803
213,1,luk3,LINEAS,2026-03-11,13:39,13:47,0.13,Incidencia,CAMBIO DE CUCHILLA,0.0,4.0,0.0,081803
841,2,luk3,LINEAS,2026-03-11,13:39,13:47,0.13,Incidencia,CAMBIO DE CUCHILLA,0.0,4.0,0.0,081803
214,1,luk3,LINEAS,2026-03-11,14:00,21:22,6.31,Producción,,593.0,0.0,0.0,081803
842,2,luk3,LINEAS,2026-03-11,14:00,21:22,6.31,Producción,,593.0,0.0,0.0,081803
215,1,luk3,LINEAS,2026-03-11,16:33,16:40,0.12,Incidencia,CAMBIO DE CUCHILLA,0.0,0.0,0.0,081803
843,2,luk3,LINEAS,2026-03-11,16:33,16:40,0.12,Incidencia,CAMBIO DE CUCHILLA,0.0,0.0,0.0,081803
216,1,luk3,LINEAS,2026-03-11,18:47,18:56,0.15,Incidencia,CAMBIO DE CUCHILLA,0.0,0.0,0.0,081803
844,2,luk3,LINEAS,2026-03-11,18:47,18:56,0.15,Incidencia,CAMBIO DE CUCHILLA,0.0,0.0,0.0,081803
217,1,luk3,LINEAS,2026-03-11,20:20,20:33,0.22,Incidencia,FALTA DE CALIDAD,0.0,0.0,0.0,081803
845,2,luk3,LINEAS,2026-03-11,20:20,20:33,0.22,Incidencia,FALTA DE CALIDAD,0.0,0.0,0.0,081803
218,1,luk3,LINEAS,2026-03-11,20:48,21:22,0.57,Incidencia,FALTA DE CALIDAD,0.0,0.0,0.0,081803
846,2,luk3,LINEAS,2026-03-11,20:48,21:22,0.57,Incidencia,FALTA DE CALIDAD,0.0,0.0,0.0,081803
219,1,luk3,LINEAS,2026-03-11,21:22,21:58,0.6,Preparación,,0.0,0.0,0.0,081000
847,2,luk3,LINEAS,2026-03-11,21:22,21:58,0.6,Preparación,,0.0,0.0,0.0,081000
220,1,luk3,LINEAS,2026-03-11,21:58,23:56,1.97,Preparación,,0.0,1.0,0.0,081000
848,2,luk3,LINEAS,2026-03-11,21:58,23:56,1.97,Preparación,,0.0,1.0,0.0,081000
221,1,luk3,LINEAS,2026-03-11,23:56,05:59,5.93,Producción,,523.0,4.0,0.0,081000
849,2,luk3,LINEAS,2026-03-11,23:56,05:59,5.93,Producción,,523.0,4.0,0.0,081000
222,1,luk3,LINEAS,2026-03-12,08:02,08:12,0.17,Incidencia,CAMBIO DE CUCHILLA,0.0,29.0,0.0,081000
850,2,luk3,LINEAS,2026-03-12,08:02,08:12,0.17,Incidencia,CAMBIO DE CUCHILLA,0.0,29.0,0.0,081000
223,1,luk3,LINEAS,2026-03-12,10:34,10:41,0.12,Incidencia,PARADA ROBOT,0.0,29.0,0.0,081000
851,2,luk3,LINEAS,2026-03-12,10:34,10:41,0.12,Incidencia,PARADA ROBOT,0.0,29.0,0.0,081000
224,1,luk3,LINEAS,2026-03-12,12:19,12:26,0.12,Incidencia,CAMBIO DE CUCHILLA,0.0,29.0,0.0,081000
852,2,luk3,LINEAS,2026-03-12,12:19,12:26,0.12,Incidencia,CAMBIO DE CUCHILLA,0.0,29.0,0.0,081000
225,1,luk3,LINEAS,2026-03-12,13:59,21:58,7.8,Producción,,679.0,8.0,0.0,081000
853,2,luk3,LINEAS,2026-03-12,13:59,21:58,7.8,Producción,,679.0,8.0,0.0,081000
226,1,luk3,LINEAS,2026-03-12,16:26,16:31,0.08,Incidencia,CAMBIO DE CUCHILLA,0.0,8.0,0.0,081000
854,2,luk3,LINEAS,2026-03-12,16:26,16:31,0.08,Incidencia,CAMBIO DE CUCHILLA,0.0,8.0,0.0,081000
227,1,luk3,LINEAS,2026-03-12,21:31,21:37,0.1,Incidencia,CAMBIO DE CUCHILLA,0.0,8.0,0.0,081000
855,2,luk3,LINEAS,2026-03-12,21:31,21:37,0.1,Incidencia,CAMBIO DE CUCHILLA,0.0,8.0,0.0,081000
228,1,luk3,LINEAS,2026-03-12,21:58,05:59,7.57,Producción,,643.0,5.0,0.0,081000
856,2,luk3,LINEAS,2026-03-12,21:58,05:59,7.57,Producción,,643.0,5.0,0.0,081000
229,1,luk3,LINEAS,2026-03-13,10:01,10:10,0.15,Incidencia,CAMBIO DE CUCHILLA,0.0,13.0,0.0,081000
857,2,luk3,LINEAS,2026-03-13,10:01,10:10,0.15,Incidencia,CAMBIO DE CUCHILLA,0.0,13.0,0.0,081000
230,1,luk3,LINEAS,2026-03-13,11:09,11:34,0.42,Incidencia,AJUSTE MAQUINA,0.0,13.0,0.0,081000
858,2,luk3,LINEAS,2026-03-13,11:09,11:34,0.42,Incidencia,AJUSTE MAQUINA,0.0,13.0,0.0,081000
231,1,luk3,LINEAS,2026-03-13,13:39,13:45,0.1,Incidencia,CAMBIO DE CUCHILLA,0.0,13.0,0.0,081000
859,2,luk3,LINEAS,2026-03-13,13:39,13:45,0.1,Incidencia,CAMBIO DE CUCHILLA,0.0,13.0,0.0,081000
232,1,luk3,LINEAS,2026-03-13,14:01,15:37,1.6,Producción,,141.0,2.0,0.0,081000
860,2,luk3,LINEAS,2026-03-13,14:01,15:37,1.6,Producción,,141.0,2.0,0.0,081000
233,1,luk3,LINEAS,2026-03-13,15:38,21:56,5.98,Producción,,516.0,6.0,0.0,081000
861,2,luk3,LINEAS,2026-03-13,15:38,21:56,5.98,Producción,,516.0,6.0,0.0,081000
234,1,luk3,LINEAS,2026-03-13,18:08,18:14,0.1,Incidencia,CAMBIO DE CUCHILLA,0.0,6.0,0.0,081000
862,2,luk3,LINEAS,2026-03-13,18:08,18:14,0.1,Incidencia,CAMBIO DE CUCHILLA,0.0,6.0,0.0,081000
235,1,luk3,LINEAS,2026-03-13,18:27,18:33,0.1,Incidencia,PARADA ROBOT,0.0,6.0,0.0,081000
863,2,luk3,LINEAS,2026-03-13,18:27,18:33,0.1,Incidencia,PARADA ROBOT,0.0,6.0,0.0,081000
236,1,luk3,LINEAS,2026-03-13,21:48,21:55,0.12,Incidencia,CAMBIO DE CUCHILLA,0.0,6.0,0.0,081000
864,2,luk3,LINEAS,2026-03-13,21:48,21:55,0.12,Incidencia,CAMBIO DE CUCHILLA,0.0,6.0,0.0,081000
237,1,luk3,LINEAS,2026-03-13,21:56,05:58,7.81,Producción,,675.0,5.0,0.0,081000
865,2,luk3,LINEAS,2026-03-13,21:56,05:58,7.81,Producción,,675.0,5.0,0.0,081000
238,1,luk3,LINEAS,2026-03-15,21:58,06:00,6.82,Producción,,569.0,14.0,0.0,081000
866,2,luk3,LINEAS,2026-03-15,21:58,06:00,6.82,Producción,,569.0,14.0,0.0,081000
239,1,luk3,LINEAS,2026-03-15,23:05,23:38,0.55,Incidencia,AVERIA,0.0,0.0,0.0,
867,2,luk3,LINEAS,2026-03-15,23:05,23:38,0.55,Incidencia,AVERIA,0.0,0.0,0.0,
240,1,luk3,LINEAS,2026-03-16,06:00,10:27,4.33,Producción,,349.0,9.0,0.0,081000
868,2,luk3,LINEAS,2026-03-16,06:00,10:27,4.33,Producción,,349.0,9.0,0.0,081000
241,1,luk3,LINEAS,2026-03-16,10:18,10:25,0.12,Incidencia,CAMBIO DE CUCHILLA,0.0,9.0,0.0,081000
869,2,luk3,LINEAS,2026-03-16,10:18,10:25,0.12,Incidencia,CAMBIO DE CUCHILLA,0.0,9.0,0.0,081000
242,1,luk3,LINEAS,2026-03-16,10:27,14:00,2.53,Producción,,197.0,3.0,0.0,081000
870,2,luk3,LINEAS,2026-03-16,10:27,14:00,2.53,Producción,,197.0,3.0,0.0,081000
243,1,luk3,LINEAS,2026-03-16,10:42,11:43,1.02,Incidencia,CAMBIO DE CUCHILLA,0.0,3.0,0.0,081000
871,2,luk3,LINEAS,2026-03-16,10:42,11:43,1.02,Incidencia,CAMBIO DE CUCHILLA,0.0,3.0,0.0,081000
244,1,luk3,LINEAS,2026-03-16,14:00,21:58,5.84,Producción,,483.0,6.0,0.0,081000
872,2,luk3,LINEAS,2026-03-16,14:00,21:58,5.84,Producción,,483.0,6.0,0.0,081000
245,1,luk3,LINEAS,2026-03-16,14:06,14:52,0.77,Incidencia,PARADA ROBOT,0.0,6.0,0.0,081000
873,2,luk3,LINEAS,2026-03-16,14:06,14:52,0.77,Incidencia,PARADA ROBOT,0.0,6.0,0.0,081000
246,1,luk3,LINEAS,2026-03-16,14:53,15:03,0.17,Incidencia,PARADA ROBOT,0.0,6.0,0.0,081000
874,2,luk3,LINEAS,2026-03-16,14:53,15:03,0.17,Incidencia,PARADA ROBOT,0.0,6.0,0.0,081000
247,1,luk3,LINEAS,2026-03-16,15:04,15:11,0.12,Incidencia,PARADA ROBOT,0.0,6.0,0.0,081000
875,2,luk3,LINEAS,2026-03-16,15:04,15:11,0.12,Incidencia,PARADA ROBOT,0.0,6.0,0.0,081000
248,1,luk3,LINEAS,2026-03-16,15:29,15:39,0.17,Incidencia,PARADA ROBOT,0.0,6.0,0.0,081000
876,2,luk3,LINEAS,2026-03-16,15:29,15:39,0.17,Incidencia,PARADA ROBOT,0.0,6.0,0.0,081000
249,1,luk3,LINEAS,2026-03-16,16:25,16:48,0.38,Incidencia,PARADA ROBOT,0.0,6.0,0.0,081000
877,2,luk3,LINEAS,2026-03-16,16:25,16:48,0.38,Incidencia,PARADA ROBOT,0.0,6.0,0.0,081000
250,1,luk3,LINEAS,2026-03-16,17:20,17:29,0.15,Incidencia,PARADA ROBOT,0.0,6.0,0.0,081000
878,2,luk3,LINEAS,2026-03-16,17:20,17:29,0.15,Incidencia,PARADA ROBOT,0.0,6.0,0.0,081000
251,1,luk3,LINEAS,2026-03-16,18:12,18:21,0.15,Incidencia,CAMBIO DE CUCHILLA,0.0,6.0,0.0,081000
879,2,luk3,LINEAS,2026-03-16,18:12,18:21,0.15,Incidencia,CAMBIO DE CUCHILLA,0.0,6.0,0.0,081000
252,1,luk3,LINEAS,2026-03-16,21:35,21:48,0.22,Incidencia,CAMBIO DE CUCHILLA,0.0,6.0,0.0,081000
880,2,luk3,LINEAS,2026-03-16,21:35,21:48,0.22,Incidencia,CAMBIO DE CUCHILLA,0.0,6.0,0.0,081000
253,1,luk3,LINEAS,2026-03-16,21:58,21:59,0.02,Producción,,0.0,0.0,0.0,081000
881,2,luk3,LINEAS,2026-03-16,21:58,21:59,0.02,Producción,,0.0,0.0,0.0,081000
254,1,luk3,LINEAS,2026-03-17,22:12,01:27,1.2,Producción,,94.0,0.0,0.0,081000
882,2,luk3,LINEAS,2026-03-17,22:12,01:27,1.2,Producción,,94.0,0.0,0.0,081000
255,1,luk3,LINEAS,2026-03-17,22:38,22:52,0.23,Incidencia,PARADA ROBOT,0.0,0.0,0.0,081000
883,2,luk3,LINEAS,2026-03-17,22:38,22:52,0.23,Incidencia,PARADA ROBOT,0.0,0.0,0.0,081000
256,1,luk3,LINEAS,2026-03-17,23:38,01:27,1.82,Incidencia,FALTA DE CALIDAD,0.0,0.0,0.0,081000
884,2,luk3,LINEAS,2026-03-17,23:38,01:27,1.82,Incidencia,FALTA DE CALIDAD,0.0,0.0,0.0,081000
257,1,luk3,LINEAS,2026-03-18,06:02,14:01,7.63,Producción,,655.0,7.0,0.0,081000
885,2,luk3,LINEAS,2026-03-18,06:02,14:01,7.63,Producción,,655.0,7.0,0.0,081000
258,1,luk3,LINEAS,2026-03-18,10:37,10:45,0.13,Incidencia,FALTA DE CALIDAD,0.0,7.0,0.0,081000
886,2,luk3,LINEAS,2026-03-18,10:37,10:45,0.13,Incidencia,FALTA DE CALIDAD,0.0,7.0,0.0,081000
259,1,luk3,LINEAS,2026-03-18,10:48,10:55,0.12,Incidencia,FALTA DE CALIDAD,0.0,7.0,0.0,081000
887,2,luk3,LINEAS,2026-03-18,10:48,10:55,0.12,Incidencia,FALTA DE CALIDAD,0.0,7.0,0.0,081000
260,1,luk3,LINEAS,2026-03-18,12:52,12:58,0.1,Incidencia,CAMBIO DE CUCHILLA,0.0,7.0,0.0,081000
888,2,luk3,LINEAS,2026-03-18,12:52,12:58,0.1,Incidencia,CAMBIO DE CUCHILLA,0.0,7.0,0.0,081000
261,1,luk3,LINEAS,2026-03-18,14:01,21:59,7.59,Producción,,579.0,3.0,0.0,081000
889,2,luk3,LINEAS,2026-03-18,14:01,21:59,7.59,Producción,,579.0,3.0,0.0,081000
262,1,luk3,LINEAS,2026-03-18,16:06,16:14,0.13,Incidencia,PARADA ROBOT,0.0,3.0,0.0,081000
890,2,luk3,LINEAS,2026-03-18,16:06,16:14,0.13,Incidencia,PARADA ROBOT,0.0,3.0,0.0,081000
263,1,luk3,LINEAS,2026-03-18,18:08,18:15,0.12,Incidencia,CAMBIO DE CUCHILLA,0.0,3.0,0.0,081000
891,2,luk3,LINEAS,2026-03-18,18:08,18:15,0.12,Incidencia,CAMBIO DE CUCHILLA,0.0,3.0,0.0,081000
264,1,luk3,LINEAS,2026-03-18,21:09,21:17,0.13,Incidencia,CAMBIO DE CUCHILLA,0.0,3.0,0.0,081000
892,2,luk3,LINEAS,2026-03-18,21:09,21:17,0.13,Incidencia,CAMBIO DE CUCHILLA,0.0,3.0,0.0,081000
265,1,luk3,LINEAS,2026-03-18,21:59,05:59,7.77,Producción,,681.0,36.0,0.0,081000
893,2,luk3,LINEAS,2026-03-18,21:59,05:59,7.77,Producción,,681.0,36.0,0.0,081000
266,1,luk3,LINEAS,2026-03-19,06:00,14:00,6.82,Producción,,577.0,13.0,0.0,081000
894,2,luk3,LINEAS,2026-03-19,06:00,14:00,6.82,Producción,,577.0,13.0,0.0,081000
267,1,luk3,LINEAS,2026-03-19,07:24,07:33,0.15,Incidencia,PARADA ROBOT,0.0,13.0,0.0,081000
895,2,luk3,LINEAS,2026-03-19,07:24,07:33,0.15,Incidencia,PARADA ROBOT,0.0,13.0,0.0,081000
268,1,luk3,LINEAS,2026-03-19,09:37,09:48,0.18,Incidencia,PARADA ROBOT,0.0,13.0,0.0,081000
896,2,luk3,LINEAS,2026-03-19,09:37,09:48,0.18,Incidencia,PARADA ROBOT,0.0,13.0,0.0,081000
269,1,luk3,LINEAS,2026-03-19,11:17,12:08,0.85,Incidencia,MANTENIMIENTO PRIMER NIVEL,0.0,13.0,0.0,081000
897,2,luk3,LINEAS,2026-03-19,11:17,12:08,0.85,Incidencia,MANTENIMIENTO PRIMER NIVEL,0.0,13.0,0.0,081000
270,1,luk3,LINEAS,2026-03-20,07:15,08:50,1.3,Producción,,108.0,4.0,0.0,081000
898,2,luk3,LINEAS,2026-03-20,07:15,08:50,1.3,Producción,,108.0,4.0,0.0,081000
271,1,luk3,LINEAS,2026-03-20,07:36,07:53,0.28,Incidencia,PARADA ROBOT,0.0,4.0,0.0,081000
899,2,luk3,LINEAS,2026-03-20,07:36,07:53,0.28,Incidencia,PARADA ROBOT,0.0,4.0,0.0,081000
272,1,luk3,LINEAS,2026-03-20,08:50,13:57,4.69,Producción,,395.0,14.0,0.0,081000
900,2,luk3,LINEAS,2026-03-20,08:50,13:57,4.69,Producción,,395.0,14.0,0.0,081000
273,1,luk3,LINEAS,2026-03-20,13:06,13:21,0.25,Incidencia,CAMBIO DE CUCHILLA,0.0,14.0,0.0,081000
901,2,luk3,LINEAS,2026-03-20,13:06,13:21,0.25,Incidencia,CAMBIO DE CUCHILLA,0.0,14.0,0.0,081000
274,1,luk3,LINEAS,2026-03-20,13:46,13:57,0.18,Incidencia,LIMPIEZA,0.0,14.0,0.0,081000
902,2,luk3,LINEAS,2026-03-20,13:46,13:57,0.18,Incidencia,LIMPIEZA,0.0,14.0,0.0,081000
275,1,luk3,LINEAS,2026-03-22,22:04,00:05,1.82,Preparación,,0.0,0.0,0.0,081290
903,2,luk3,LINEAS,2026-03-22,22:04,00:05,1.82,Preparación,,0.0,0.0,0.0,081290
1322,6,luk3,LINEAS,2026-03-22,22:04,00:05,1.82,Preparación,,0.0,0.0,0.0,081290
276,1,luk3,LINEAS,2026-03-22,23:52,00:04,0.2,Incidencia,PENDIENTE Vº BUENO,0.0,0.0,0.0,081290
904,2,luk3,LINEAS,2026-03-22,23:52,00:04,0.2,Incidencia,PENDIENTE Vº BUENO,0.0,0.0,0.0,081290
1323,6,luk3,LINEAS,2026-03-22,23:52,00:04,0.2,Incidencia,PENDIENTE Vº BUENO,0.0,0.0,0.0,081290
277,1,luk3,LINEAS,2026-03-23,14:07,22:01,7.24,Producción,,738.0,7.0,0.0,081290
905,2,luk3,LINEAS,2026-03-23,14:07,22:01,7.24,Producción,,738.0,7.0,0.0,081290
1324,6,luk3,LINEAS,2026-03-23,14:07,22:01,7.24,Producción,,738.0,7.0,0.0,081290
278,1,luk3,LINEAS,2026-03-23,17:13,17:24,0.18,Incidencia,CAMBIO DE CUCHILLA,0.0,7.0,0.0,081290
906,2,luk3,LINEAS,2026-03-23,17:13,17:24,0.18,Incidencia,CAMBIO DE CUCHILLA,0.0,7.0,0.0,081290
1325,6,luk3,LINEAS,2026-03-23,17:13,17:24,0.18,Incidencia,CAMBIO DE CUCHILLA,0.0,7.0,0.0,081290
279,1,luk3,LINEAS,2026-03-23,17:47,17:56,0.15,Incidencia,PARADA ROBOT,0.0,7.0,0.0,081290
907,2,luk3,LINEAS,2026-03-23,17:47,17:56,0.15,Incidencia,PARADA ROBOT,0.0,7.0,0.0,081290
1326,6,luk3,LINEAS,2026-03-23,17:47,17:56,0.15,Incidencia,PARADA ROBOT,0.0,7.0,0.0,081290
280,1,luk3,LINEAS,2026-03-23,21:13,21:27,0.23,Incidencia,CAMBIO OTRA MÁQUINA,0.0,7.0,0.0,081290
908,2,luk3,LINEAS,2026-03-23,21:13,21:27,0.23,Incidencia,CAMBIO OTRA MÁQUINA,0.0,7.0,0.0,081290
1327,6,luk3,LINEAS,2026-03-23,21:13,21:27,0.23,Incidencia,CAMBIO OTRA MÁQUINA,0.0,7.0,0.0,081290
281,1,luk3,LINEAS,2026-03-23,21:40,21:46,0.1,Incidencia,CAMBIO DE CUCHILLA,0.0,7.0,0.0,081290
909,2,luk3,LINEAS,2026-03-23,21:40,21:46,0.1,Incidencia,CAMBIO DE CUCHILLA,0.0,7.0,0.0,081290
1328,6,luk3,LINEAS,2026-03-23,21:40,21:46,0.1,Incidencia,CAMBIO DE CUCHILLA,0.0,7.0,0.0,081290
282,1,luk3,LINEAS,2026-03-23,22:02,22:03,0.02,Producción,,0.0,0.0,0.0,081000
910,2,luk3,LINEAS,2026-03-23,22:02,22:03,0.02,Producción,,0.0,0.0,0.0,081000
1329,6,luk3,LINEAS,2026-03-23,22:02,22:03,0.02,Producción,,0.0,0.0,0.0,081000
283,1,luk3,LINEAS,2026-03-23,22:04,05:23,6.02,Producción,,560.0,11.0,0.0,081290
911,2,luk3,LINEAS,2026-03-23,22:04,05:23,6.02,Producción,,560.0,11.0,0.0,081290
1330,6,luk3,LINEAS,2026-03-23,22:04,05:23,6.02,Producción,,560.0,11.0,0.0,081290
284,1,luk3,LINEAS,2026-03-24,08:42,14:14,4.68,Producción,,425.0,9.0,0.0,081000
912,2,luk3,LINEAS,2026-03-24,08:42,14:14,4.68,Producción,,425.0,9.0,0.0,081000
1331,6,luk3,LINEAS,2026-03-24,08:42,14:14,4.68,Producción,,425.0,9.0,0.0,081000
285,1,luk3,LINEAS,2026-03-24,10:15,10:54,0.65,Incidencia,LIMPIEZA,0.0,9.0,0.0,081000
913,2,luk3,LINEAS,2026-03-24,10:15,10:54,0.65,Incidencia,LIMPIEZA,0.0,9.0,0.0,081000
1332,6,luk3,LINEAS,2026-03-24,10:15,10:54,0.65,Incidencia,LIMPIEZA,0.0,9.0,0.0,081000
286,1,luk3,LINEAS,2026-03-24,14:00,14:12,0.2,Incidencia,PARADA ROBOT,0.0,9.0,0.0,081000
914,2,luk3,LINEAS,2026-03-24,14:00,14:12,0.2,Incidencia,PARADA ROBOT,0.0,9.0,0.0,081000
1333,6,luk3,LINEAS,2026-03-24,14:00,14:12,0.2,Incidencia,PARADA ROBOT,0.0,9.0,0.0,081000
287,1,luk3,LINEAS,2026-03-24,14:14,22:01,7.58,Producción,,682.0,13.0,0.0,081000
915,2,luk3,LINEAS,2026-03-24,14:14,22:01,7.58,Producción,,682.0,13.0,0.0,081000
1334,6,luk3,LINEAS,2026-03-24,14:14,22:01,7.58,Producción,,682.0,13.0,0.0,081000
288,1,luk3,LINEAS,2026-03-24,14:52,14:58,0.1,Incidencia,PARADA ROBOT,0.0,13.0,0.0,081000
916,2,luk3,LINEAS,2026-03-24,14:52,14:58,0.1,Incidencia,PARADA ROBOT,0.0,13.0,0.0,081000
1335,6,luk3,LINEAS,2026-03-24,14:52,14:58,0.1,Incidencia,PARADA ROBOT,0.0,13.0,0.0,081000
289,1,luk3,LINEAS,2026-03-24,21:11,21:17,0.1,Incidencia,CAMBIO DE CUCHILLA,0.0,13.0,0.0,081000
917,2,luk3,LINEAS,2026-03-24,21:11,21:17,0.1,Incidencia,CAMBIO DE CUCHILLA,0.0,13.0,0.0,081000
1336,6,luk3,LINEAS,2026-03-24,21:11,21:17,0.1,Incidencia,CAMBIO DE CUCHILLA,0.0,13.0,0.0,081000
290,1,luk3,LINEAS,2026-03-24,22:02,00:30,2.47,Producción,,206.0,0.0,0.0,081000
918,2,luk3,LINEAS,2026-03-24,22:02,00:30,2.47,Producción,,206.0,0.0,0.0,081000
1337,6,luk3,LINEAS,2026-03-24,22:02,00:30,2.47,Producción,,206.0,0.0,0.0,081000
291,1,luk3,LINEAS,2026-03-25,06:00,12:42,6.04,Producción,,511.0,2.0,0.0,081000
919,2,luk3,LINEAS,2026-03-25,06:00,12:42,6.04,Producción,,511.0,2.0,0.0,081000
1338,6,luk3,LINEAS,2026-03-25,06:00,12:42,6.04,Producción,,511.0,2.0,0.0,081000
292,1,luk3,LINEAS,2026-03-25,09:56,10:05,0.15,Incidencia,CAMBIO DE CUCHILLA,0.0,2.0,0.0,081000
920,2,luk3,LINEAS,2026-03-25,09:56,10:05,0.15,Incidencia,CAMBIO DE CUCHILLA,0.0,2.0,0.0,081000
1339,6,luk3,LINEAS,2026-03-25,09:56,10:05,0.15,Incidencia,CAMBIO DE CUCHILLA,0.0,2.0,0.0,081000
293,1,luk3,LINEAS,2026-03-25,11:26,11:37,0.18,Incidencia,FORMACIÓN,0.0,2.0,0.0,081000
921,2,luk3,LINEAS,2026-03-25,11:26,11:37,0.18,Incidencia,FORMACIÓN,0.0,2.0,0.0,081000
1340,6,luk3,LINEAS,2026-03-25,11:26,11:37,0.18,Incidencia,FORMACIÓN,0.0,2.0,0.0,081000
294,1,luk3,LINEAS,2026-03-25,12:22,12:42,0.33,Incidencia,PARADA ROBOT,0.0,2.0,0.0,081000
922,2,luk3,LINEAS,2026-03-25,12:22,12:42,0.33,Incidencia,PARADA ROBOT,0.0,2.0,0.0,081000
1341,6,luk3,LINEAS,2026-03-25,12:22,12:42,0.33,Incidencia,PARADA ROBOT,0.0,2.0,0.0,081000
295,1,luk3,LINEAS,2026-03-25,12:43,14:01,1.17,Producción,,87.0,0.0,0.0,081000
923,2,luk3,LINEAS,2026-03-25,12:43,14:01,1.17,Producción,,87.0,0.0,0.0,081000
1342,6,luk3,LINEAS,2026-03-25,12:43,14:01,1.17,Producción,,87.0,0.0,0.0,081000
296,1,luk3,LINEAS,2026-03-25,13:36,13:44,0.13,Incidencia,CAMBIO DE CUCHILLA,0.0,0.0,0.0,081000
924,2,luk3,LINEAS,2026-03-25,13:36,13:44,0.13,Incidencia,CAMBIO DE CUCHILLA,0.0,0.0,0.0,081000
1343,6,luk3,LINEAS,2026-03-25,13:36,13:44,0.13,Incidencia,CAMBIO DE CUCHILLA,0.0,0.0,0.0,081000
297,1,luk3,LINEAS,2026-03-25,14:01,20:22,6.04,Producción,,546.0,3.0,0.0,081000
925,2,luk3,LINEAS,2026-03-25,14:01,20:22,6.04,Producción,,546.0,3.0,0.0,081000
1344,6,luk3,LINEAS,2026-03-25,14:01,20:22,6.04,Producción,,546.0,3.0,0.0,081000
298,1,luk3,LINEAS,2026-03-25,18:01,18:09,0.13,Incidencia,CAMBIO DE CUCHILLA,0.0,3.0,0.0,081000
926,2,luk3,LINEAS,2026-03-25,18:01,18:09,0.13,Incidencia,CAMBIO DE CUCHILLA,0.0,3.0,0.0,081000
1345,6,luk3,LINEAS,2026-03-25,18:01,18:09,0.13,Incidencia,CAMBIO DE CUCHILLA,0.0,3.0,0.0,081000
299,1,luk3,LINEAS,2026-03-25,20:11,20:22,0.18,Incidencia,AJUSTE MAQUINA,0.0,3.0,0.0,081000
927,2,luk3,LINEAS,2026-03-25,20:11,20:22,0.18,Incidencia,AJUSTE MAQUINA,0.0,3.0,0.0,081000
1346,6,luk3,LINEAS,2026-03-25,20:11,20:22,0.18,Incidencia,AJUSTE MAQUINA,0.0,3.0,0.0,081000
300,1,luk3,LINEAS,2026-03-26,07:30,14:02,5.13,Producción,,423.0,12.0,0.0,081803
928,2,luk3,LINEAS,2026-03-26,07:30,14:02,5.13,Producción,,423.0,12.0,0.0,081803
1347,6,luk3,LINEAS,2026-03-26,07:30,14:02,5.13,Producción,,423.0,12.0,0.0,081803
301,1,luk3,LINEAS,2026-03-26,07:37,07:43,0.1,Incidencia,PARADA ROBOT,0.0,12.0,0.0,081803
929,2,luk3,LINEAS,2026-03-26,07:37,07:43,0.1,Incidencia,PARADA ROBOT,0.0,12.0,0.0,081803
1348,6,luk3,LINEAS,2026-03-26,07:37,07:43,0.1,Incidencia,PARADA ROBOT,0.0,12.0,0.0,081803
302,1,luk3,LINEAS,2026-03-26,07:54,08:13,0.32,Incidencia,PARADA ROBOT,0.0,12.0,0.0,081803
930,2,luk3,LINEAS,2026-03-26,07:54,08:13,0.32,Incidencia,PARADA ROBOT,0.0,12.0,0.0,081803
1349,6,luk3,LINEAS,2026-03-26,07:54,08:13,0.32,Incidencia,PARADA ROBOT,0.0,12.0,0.0,081803
303,1,luk3,LINEAS,2026-03-26,08:56,09:11,0.25,Incidencia,PARADA ROBOT,0.0,12.0,0.0,081803
931,2,luk3,LINEAS,2026-03-26,08:56,09:11,0.25,Incidencia,PARADA ROBOT,0.0,12.0,0.0,081803
1350,6,luk3,LINEAS,2026-03-26,08:56,09:11,0.25,Incidencia,PARADA ROBOT,0.0,12.0,0.0,081803
304,1,luk3,LINEAS,2026-03-26,09:32,09:37,0.08,Incidencia,PARADA ROBOT,0.0,12.0,0.0,081803
932,2,luk3,LINEAS,2026-03-26,09:32,09:37,0.08,Incidencia,PARADA ROBOT,0.0,12.0,0.0,081803
1351,6,luk3,LINEAS,2026-03-26,09:32,09:37,0.08,Incidencia,PARADA ROBOT,0.0,12.0,0.0,081803
305,1,luk3,LINEAS,2026-03-26,11:16,11:22,0.1,Incidencia,PARADA ROBOT,0.0,12.0,0.0,081803
933,2,luk3,LINEAS,2026-03-26,11:16,11:22,0.1,Incidencia,PARADA ROBOT,0.0,12.0,0.0,081803
1352,6,luk3,LINEAS,2026-03-26,11:16,11:22,0.1,Incidencia,PARADA ROBOT,0.0,12.0,0.0,081803
306,1,luk3,LINEAS,2026-03-26,11:32,11:42,0.17,Incidencia,CAMBIO DE CUCHILLA,0.0,12.0,0.0,081803
934,2,luk3,LINEAS,2026-03-26,11:32,11:42,0.17,Incidencia,CAMBIO DE CUCHILLA,0.0,12.0,0.0,081803
1353,6,luk3,LINEAS,2026-03-26,11:32,11:42,0.17,Incidencia,CAMBIO DE CUCHILLA,0.0,12.0,0.0,081803
307,1,luk3,LINEAS,2026-03-26,13:22,13:33,0.18,Incidencia,CAMBIO DE CUCHILLA,0.0,12.0,0.0,081803
935,2,luk3,LINEAS,2026-03-26,13:22,13:33,0.18,Incidencia,CAMBIO DE CUCHILLA,0.0,12.0,0.0,081803
1354,6,luk3,LINEAS,2026-03-26,13:22,13:33,0.18,Incidencia,CAMBIO DE CUCHILLA,0.0,12.0,0.0,081803
308,1,luk3,LINEAS,2026-03-26,13:50,14:02,0.2,Incidencia,PARADA ROBOT,0.0,12.0,0.0,081803
936,2,luk3,LINEAS,2026-03-26,13:50,14:02,0.2,Incidencia,PARADA ROBOT,0.0,12.0,0.0,081803
1355,6,luk3,LINEAS,2026-03-26,13:50,14:02,0.2,Incidencia,PARADA ROBOT,0.0,12.0,0.0,081803
309,1,luk3,LINEAS,2026-03-26,22:00,06:00,7.36,Producción,,662.0,7.0,0.0,081803
937,2,luk3,LINEAS,2026-03-26,22:00,06:00,7.36,Producción,,662.0,7.0,0.0,081803
1356,6,luk3,LINEAS,2026-03-26,22:00,06:00,7.36,Producción,,662.0,7.0,0.0,081803
310,1,luk3,LINEAS,2026-03-26,22:04,22:26,0.37,Incidencia,PARADA ROBOT,0.0,7.0,0.0,081803
938,2,luk3,LINEAS,2026-03-26,22:04,22:26,0.37,Incidencia,PARADA ROBOT,0.0,7.0,0.0,081803
1357,6,luk3,LINEAS,2026-03-26,22:04,22:26,0.37,Incidencia,PARADA ROBOT,0.0,7.0,0.0,081803
311,1,luk3,LINEAS,2026-03-27,06:00,14:00,7.2,Producción,,604.0,10.0,0.0,081803
939,2,luk3,LINEAS,2026-03-27,06:00,14:00,7.2,Producción,,604.0,10.0,0.0,081803
1358,6,luk3,LINEAS,2026-03-27,06:00,14:00,7.2,Producción,,604.0,10.0,0.0,081803
312,1,luk3,LINEAS,2026-03-27,10:06,10:21,0.25,Incidencia,CAMBIO DE CUCHILLA,0.0,10.0,0.0,081803
940,2,luk3,LINEAS,2026-03-27,10:06,10:21,0.25,Incidencia,CAMBIO DE CUCHILLA,0.0,10.0,0.0,081803
1359,6,luk3,LINEAS,2026-03-27,10:06,10:21,0.25,Incidencia,CAMBIO DE CUCHILLA,0.0,10.0,0.0,081803
313,1,luk3,LINEAS,2026-03-27,12:14,12:25,0.18,Incidencia,PARADA ROBOT,0.0,10.0,0.0,081803
941,2,luk3,LINEAS,2026-03-27,12:14,12:25,0.18,Incidencia,PARADA ROBOT,0.0,10.0,0.0,081803
1360,6,luk3,LINEAS,2026-03-27,12:14,12:25,0.18,Incidencia,PARADA ROBOT,0.0,10.0,0.0,081803
314,1,luk3,LINEAS,2026-03-27,12:28,12:40,0.2,Incidencia,PARADA ROBOT,0.0,10.0,0.0,081803
942,2,luk3,LINEAS,2026-03-27,12:28,12:40,0.2,Incidencia,PARADA ROBOT,0.0,10.0,0.0,081803
1361,6,luk3,LINEAS,2026-03-27,12:28,12:40,0.2,Incidencia,PARADA ROBOT,0.0,10.0,0.0,081803
315,1,luk3,LINEAS,2026-03-27,13:34,13:44,0.17,Incidencia,CAMBIO DE CUCHILLA,0.0,10.0,0.0,081803
943,2,luk3,LINEAS,2026-03-27,13:34,13:44,0.17,Incidencia,CAMBIO DE CUCHILLA,0.0,10.0,0.0,081803
1362,6,luk3,LINEAS,2026-03-27,13:34,13:44,0.17,Incidencia,CAMBIO DE CUCHILLA,0.0,10.0,0.0,081803
316,1,luk3,LINEAS,2026-03-27,14:02,14:06,0.07,Producción,,0.0,0.0,0.0,081803
944,2,luk3,LINEAS,2026-03-27,14:02,14:06,0.07,Producción,,0.0,0.0,0.0,081803
1363,6,luk3,LINEAS,2026-03-27,14:02,14:06,0.07,Producción,,0.0,0.0,0.0,081803
317,1,luk3,LINEAS,2026-03-27,14:06,14:07,0.02,Producción,,1.0,0.0,0.0,081803
945,2,luk3,LINEAS,2026-03-27,14:06,14:07,0.02,Producción,,1.0,0.0,0.0,081803
1364,6,luk3,LINEAS,2026-03-27,14:06,14:07,0.02,Producción,,1.0,0.0,0.0,081803
318,1,luk3,LINEAS,2026-03-27,14:07,21:55,5.78,Producción,,520.0,14.0,0.0,081803
946,2,luk3,LINEAS,2026-03-27,14:07,21:55,5.78,Producción,,520.0,14.0,0.0,081803
1365,6,luk3,LINEAS,2026-03-27,14:07,21:55,5.78,Producción,,520.0,14.0,0.0,081803
319,1,luk3,LINEAS,2026-03-27,14:18,14:52,0.57,Incidencia,PARADA ROBOT,0.0,14.0,0.0,081803
947,2,luk3,LINEAS,2026-03-27,14:18,14:52,0.57,Incidencia,PARADA ROBOT,0.0,14.0,0.0,081803
1366,6,luk3,LINEAS,2026-03-27,14:18,14:52,0.57,Incidencia,PARADA ROBOT,0.0,14.0,0.0,081803
320,1,luk3,LINEAS,2026-03-27,18:23,18:29,0.1,Incidencia,CAMBIO DE CUCHILLA,0.0,14.0,0.0,081803
948,2,luk3,LINEAS,2026-03-27,18:23,18:29,0.1,Incidencia,CAMBIO DE CUCHILLA,0.0,14.0,0.0,081803
1367,6,luk3,LINEAS,2026-03-27,18:23,18:29,0.1,Incidencia,CAMBIO DE CUCHILLA,0.0,14.0,0.0,081803
321,1,luk3,LINEAS,2026-03-27,19:13,19:51,0.63,Incidencia,CORRECCIÓN DE CONO,0.0,14.0,0.0,081803
949,2,luk3,LINEAS,2026-03-27,19:13,19:51,0.63,Incidencia,CORRECCIÓN DE CONO,0.0,14.0,0.0,081803
1368,6,luk3,LINEAS,2026-03-27,19:13,19:51,0.63,Incidencia,CORRECCIÓN DE CONO,0.0,14.0,0.0,081803
322,1,luk3,LINEAS,2026-03-27,21:04,21:47,0.72,Incidencia,CORRECCIÓN DE CONO,0.0,14.0,0.0,081803
950,2,luk3,LINEAS,2026-03-27,21:04,21:47,0.72,Incidencia,CORRECCIÓN DE CONO,0.0,14.0,0.0,081803
1369,6,luk3,LINEAS,2026-03-27,21:04,21:47,0.72,Incidencia,CORRECCIÓN DE CONO,0.0,14.0,0.0,081803
323,1,luk3,LINEAS,2026-03-28,09:30,10:15,0.75,Producción,,64.0,3.0,0.0,03304
951,2,luk3,LINEAS,2026-03-28,09:30,10:15,0.75,Producción,,64.0,3.0,0.0,03304
324,1,luk3,LINEAS,2026-03-28,10:16,11:23,0.64,Producción,,60.0,2.0,0.0,081803
325,1,luk3,LINEAS,2026-03-28,10:16,10:45,0.48,Incidencia,CORRECCIÓN DE CONO,0.0,2.0,0.0,081803
952,2,luk3,LINEAS,2026-03-28,10:16,11:23,0.64,Producción,,60.0,2.0,0.0,081803
953,2,luk3,LINEAS,2026-03-28,10:16,10:45,0.48,Incidencia,CORRECCIÓN DE CONO,0.0,2.0,0.0,081803
326,1,luk3,LINEAS,2026-03-28,11:23,12:33,0.57,Producción,,31.0,1.0,0.0,081803
954,2,luk3,LINEAS,2026-03-28,11:23,12:33,0.57,Producción,,31.0,1.0,0.0,081803
327,1,luk3,LINEAS,2026-03-28,11:40,11:58,0.3,Incidencia,CORRECCIÓN DE CONO,0.0,1.0,0.0,081803
955,2,luk3,LINEAS,2026-03-28,11:40,11:58,0.3,Incidencia,CORRECCIÓN DE CONO,0.0,1.0,0.0,081803
328,1,luk3,LINEAS,2026-03-28,12:09,12:15,0.1,Incidencia,CORRECCIÓN DE CONO,0.0,1.0,0.0,081803
956,2,luk3,LINEAS,2026-03-28,12:09,12:15,0.1,Incidencia,CORRECCIÓN DE CONO,0.0,1.0,0.0,081803
329,1,luk3,LINEAS,2026-03-28,12:21,12:33,0.2,Incidencia,CORRECCIÓN DE CONO,0.0,1.0,0.0,081803
957,2,luk3,LINEAS,2026-03-28,12:21,12:33,0.2,Incidencia,CORRECCIÓN DE CONO,0.0,1.0,0.0,081803
330,1,luk3,LINEAS,2026-03-29,21:59,22:50,0.85,Producción,,51.0,1.0,0.0,081803
958,2,luk3,LINEAS,2026-03-29,21:59,22:50,0.85,Producción,,51.0,1.0,0.0,081803
1273,4,luk3,LINEAS,2026-03-29,21:59,22:50,0.85,Producción,,51.0,1.0,0.0,081803
331,1,luk3,LINEAS,2026-03-29,23:29,01:45,2.27,Preparación,,0.0,0.0,0.0,03304
959,2,luk3,LINEAS,2026-03-29,23:29,01:45,2.27,Preparación,,0.0,0.0,0.0,03304
1274,4,luk3,LINEAS,2026-03-29,23:29,01:45,2.27,Preparación,,0.0,0.0,0.0,03304
332,1,luk3,LINEAS,2026-03-30,06:07,06:12,0.08,Producción,,7.0,0.0,0.0,03304
960,2,luk3,LINEAS,2026-03-30,06:07,06:12,0.08,Producción,,7.0,0.0,0.0,03304
1275,4,luk3,LINEAS,2026-03-30,06:07,06:12,0.08,Producción,,7.0,0.0,0.0,03304
333,1,luk3,LINEAS,2026-03-30,06:13,06:23,0.17,Producción,,15.0,0.0,0.0,03304
961,2,luk3,LINEAS,2026-03-30,06:13,06:23,0.17,Producción,,15.0,0.0,0.0,03304
1276,4,luk3,LINEAS,2026-03-30,06:13,06:23,0.17,Producción,,15.0,0.0,0.0,03304
334,1,luk3,LINEAS,2026-03-30,07:02,14:03,6.92,Producción,,612.0,11.0,0.0,081000
962,2,luk3,LINEAS,2026-03-30,07:02,14:03,6.92,Producción,,612.0,11.0,0.0,081000
1277,4,luk3,LINEAS,2026-03-30,07:02,14:03,6.92,Producción,,612.0,11.0,0.0,081000
335,1,luk3,LINEAS,2026-03-30,09:34,09:34,0.0,Incidencia,CAMBIO DE CUCHILLA,0.0,11.0,0.0,081000
963,2,luk3,LINEAS,2026-03-30,09:34,09:34,0.0,Incidencia,CAMBIO DE CUCHILLA,0.0,11.0,0.0,081000
1278,4,luk3,LINEAS,2026-03-30,09:34,09:34,0.0,Incidencia,CAMBIO DE CUCHILLA,0.0,11.0,0.0,081000
336,1,luk3,LINEAS,2026-03-30,13:30,13:36,0.1,Incidencia,CAMBIO DE CUCHILLA,0.0,11.0,0.0,081000
964,2,luk3,LINEAS,2026-03-30,13:30,13:36,0.1,Incidencia,CAMBIO DE CUCHILLA,0.0,11.0,0.0,081000
1279,4,luk3,LINEAS,2026-03-30,13:30,13:36,0.1,Incidencia,CAMBIO DE CUCHILLA,0.0,11.0,0.0,081000
337,1,luk3,LINEAS,2026-03-30,14:03,17:35,3.5,Producción,,298.0,2.0,0.0,081000
965,2,luk3,LINEAS,2026-03-30,14:03,17:35,3.5,Producción,,298.0,2.0,0.0,081000
1280,4,luk3,LINEAS,2026-03-30,14:03,17:35,3.5,Producción,,298.0,2.0,0.0,081000
338,1,luk3,LINEAS,2026-03-30,17:33,17:35,0.03,Incidencia,PARADA ROBOT,0.0,2.0,0.0,081000
966,2,luk3,LINEAS,2026-03-30,17:33,17:35,0.03,Incidencia,PARADA ROBOT,0.0,2.0,0.0,081000
1281,4,luk3,LINEAS,2026-03-30,17:33,17:35,0.03,Incidencia,PARADA ROBOT,0.0,2.0,0.0,081000
339,1,luk3,LINEAS,2026-03-30,22:00,06:00,7.43,Producción,,579.0,6.0,0.0,081000
967,2,luk3,LINEAS,2026-03-30,22:00,06:00,7.43,Producción,,579.0,6.0,0.0,081000
1282,4,luk3,LINEAS,2026-03-30,22:00,06:00,7.43,Producción,,579.0,6.0,0.0,081000
340,1,luk3,LINEAS,2026-03-31,06:01,14:01,7.9,Producción,,699.0,10.0,0.0,081000
968,2,luk3,LINEAS,2026-03-31,06:01,14:01,7.9,Producción,,699.0,10.0,0.0,081000
1283,4,luk3,LINEAS,2026-03-31,06:01,14:01,7.9,Producción,,699.0,10.0,0.0,081000
341,1,luk3,LINEAS,2026-03-31,10:19,10:19,0.0,Incidencia,CAMBIO DE CUCHILLA,0.0,10.0,0.0,081000
969,2,luk3,LINEAS,2026-03-31,10:19,10:19,0.0,Incidencia,CAMBIO DE CUCHILLA,0.0,10.0,0.0,081000
1284,4,luk3,LINEAS,2026-03-31,10:19,10:19,0.0,Incidencia,CAMBIO DE CUCHILLA,0.0,10.0,0.0,081000
342,1,luk3,LINEAS,2026-03-31,13:33,13:39,0.1,Incidencia,CAMBIO DE CUCHILLA,0.0,10.0,0.0,081000
970,2,luk3,LINEAS,2026-03-31,13:33,13:39,0.1,Incidencia,CAMBIO DE CUCHILLA,0.0,10.0,0.0,081000
1285,4,luk3,LINEAS,2026-03-31,13:33,13:39,0.1,Incidencia,CAMBIO DE CUCHILLA,0.0,10.0,0.0,081000
343,1,luk3,LINEAS,2026-03-31,14:01,15:24,1.03,Producción,,77.0,0.0,0.0,081000
971,2,luk3,LINEAS,2026-03-31,14:01,15:24,1.03,Producción,,77.0,0.0,0.0,081000
1286,4,luk3,LINEAS,2026-03-31,14:01,15:24,1.03,Producción,,77.0,0.0,0.0,081000
344,1,luk3,LINEAS,2026-03-31,14:13,14:20,0.12,Incidencia,PARADA ROBOT,0.0,0.0,0.0,081000
972,2,luk3,LINEAS,2026-03-31,14:13,14:20,0.12,Incidencia,PARADA ROBOT,0.0,0.0,0.0,081000
1287,4,luk3,LINEAS,2026-03-31,14:13,14:20,0.12,Incidencia,PARADA ROBOT,0.0,0.0,0.0,081000
345,1,luk3,LINEAS,2026-03-31,14:26,14:29,0.05,Incidencia,PARADA ROBOT,0.0,0.0,0.0,081000
973,2,luk3,LINEAS,2026-03-31,14:26,14:29,0.05,Incidencia,PARADA ROBOT,0.0,0.0,0.0,081000
1288,4,luk3,LINEAS,2026-03-31,14:26,14:29,0.05,Incidencia,PARADA ROBOT,0.0,0.0,0.0,081000
346,1,luk3,LINEAS,2026-03-31,14:50,14:55,0.08,Incidencia,PARADA ROBOT,0.0,0.0,0.0,081000
974,2,luk3,LINEAS,2026-03-31,14:50,14:55,0.08,Incidencia,PARADA ROBOT,0.0,0.0,0.0,081000
1289,4,luk3,LINEAS,2026-03-31,14:50,14:55,0.08,Incidencia,PARADA ROBOT,0.0,0.0,0.0,081000
347,1,luk3,LINEAS,2026-03-31,14:56,15:02,0.1,Incidencia,PARADA ROBOT,0.0,0.0,0.0,081000
975,2,luk3,LINEAS,2026-03-31,14:56,15:02,0.1,Incidencia,PARADA ROBOT,0.0,0.0,0.0,081000
1290,4,luk3,LINEAS,2026-03-31,14:56,15:02,0.1,Incidencia,PARADA ROBOT,0.0,0.0,0.0,081000
348,1,luk3,LINEAS,2026-03-31,15:24,22:00,6.05,Producción,,524.0,10.0,0.0,081000
349,1,luk3,LINEAS,2026-03-31,15:24,15:24,0.0,Incidencia,PARADA ROBOT,0.0,0.0,0.0,081000
976,2,luk3,LINEAS,2026-03-31,15:24,22:00,6.05,Producción,,524.0,10.0,0.0,081000
977,2,luk3,LINEAS,2026-03-31,15:24,15:24,0.0,Incidencia,PARADA ROBOT,0.0,0.0,0.0,081000
1291,4,luk3,LINEAS,2026-03-31,15:24,22:00,6.05,Producción,,524.0,10.0,0.0,081000
1292,4,luk3,LINEAS,2026-03-31,15:24,15:24,0.0,Incidencia,PARADA ROBOT,0.0,0.0,0.0,081000
350,1,luk3,LINEAS,2026-03-31,17:42,17:53,0.18,Incidencia,CAMBIO DE CUCHILLA,0.0,10.0,0.0,081000
978,2,luk3,LINEAS,2026-03-31,17:42,17:53,0.18,Incidencia,CAMBIO DE CUCHILLA,0.0,10.0,0.0,081000
1293,4,luk3,LINEAS,2026-03-31,17:42,17:53,0.18,Incidencia,CAMBIO DE CUCHILLA,0.0,10.0,0.0,081000
351,1,luk3,LINEAS,2026-03-31,18:11,18:18,0.12,Incidencia,PARADA ROBOT,0.0,10.0,0.0,081000
979,2,luk3,LINEAS,2026-03-31,18:11,18:18,0.12,Incidencia,PARADA ROBOT,0.0,10.0,0.0,081000
1294,4,luk3,LINEAS,2026-03-31,18:11,18:18,0.12,Incidencia,PARADA ROBOT,0.0,10.0,0.0,081000
352,1,luk3,LINEAS,2026-03-31,20:21,20:25,0.07,Incidencia,PARADA ROBOT,0.0,10.0,0.0,081000
980,2,luk3,LINEAS,2026-03-31,20:21,20:25,0.07,Incidencia,PARADA ROBOT,0.0,10.0,0.0,081000
1295,4,luk3,LINEAS,2026-03-31,20:21,20:25,0.07,Incidencia,PARADA ROBOT,0.0,10.0,0.0,081000
353,1,luk3,LINEAS,2026-03-31,21:00,21:06,0.1,Incidencia,PARADA ROBOT,0.0,10.0,0.0,081000
981,2,luk3,LINEAS,2026-03-31,21:00,21:06,0.1,Incidencia,PARADA ROBOT,0.0,10.0,0.0,081000
1296,4,luk3,LINEAS,2026-03-31,21:00,21:06,0.1,Incidencia,PARADA ROBOT,0.0,10.0,0.0,081000
354,1,luk3,LINEAS,2026-03-31,21:40,21:45,0.08,Incidencia,CAMBIO DE CUCHILLA,0.0,10.0,0.0,081000
982,2,luk3,LINEAS,2026-03-31,21:40,21:45,0.08,Incidencia,CAMBIO DE CUCHILLA,0.0,10.0,0.0,081000
1297,4,luk3,LINEAS,2026-03-31,21:40,21:45,0.08,Incidencia,CAMBIO DE CUCHILLA,0.0,10.0,0.0,081000
355,1,luk3,LINEAS,2026-03-31,22:00,05:43,7.43,Producción,,647.0,4.0,0.0,081000
983,2,luk3,LINEAS,2026-03-31,22:00,05:43,7.43,Producción,,647.0,4.0,0.0,081000
1298,4,luk3,LINEAS,2026-03-31,22:00,05:43,7.43,Producción,,647.0,4.0,0.0,081000
418,1,luk6,LINEAS,2026-03-01,21:56,02:08,3.21,Producción,,255.0,10.0,0.0,124203
1046,2,luk6,LINEAS,2026-03-01,21:56,02:08,3.21,Producción,,255.0,10.0,0.0,124203
419,1,luk6,LINEAS,2026-03-01,22:03,22:10,0.12,Incidencia,AVERIA,0.0,0.0,0.0,
1047,2,luk6,LINEAS,2026-03-01,22:03,22:10,0.12,Incidencia,AVERIA,0.0,0.0,0.0,
420,1,luk6,LINEAS,2026-03-01,23:36,23:43,0.12,Incidencia,AVERIA,0.0,0.0,0.0,
1048,2,luk6,LINEAS,2026-03-01,23:36,23:43,0.12,Incidencia,AVERIA,0.0,0.0,0.0,
421,1,luk6,LINEAS,2026-03-01,23:54,00:25,0.52,Incidencia,AVERIA,0.0,0.0,0.0,
1049,2,luk6,LINEAS,2026-03-01,23:54,00:25,0.52,Incidencia,AVERIA,0.0,0.0,0.0,
422,1,luk6,LINEAS,2026-03-02,06:01,07:45,1.6,Producción,,104.0,2.0,0.0,124203
1050,2,luk6,LINEAS,2026-03-02,06:01,07:45,1.6,Producción,,104.0,2.0,0.0,124203
423,1,luk6,LINEAS,2026-03-02,07:07,07:15,0.13,Incidencia,CAMBIO DE CUCHILLA,0.0,2.0,0.0,124203
1051,2,luk6,LINEAS,2026-03-02,07:07,07:15,0.13,Incidencia,CAMBIO DE CUCHILLA,0.0,2.0,0.0,124203
424,1,luk6,LINEAS,2026-03-02,14:00,20:16,5.34,Producción,,437.0,14.0,0.0,124203
1052,2,luk6,LINEAS,2026-03-02,14:00,20:16,5.34,Producción,,437.0,14.0,0.0,124203
425,1,luk6,LINEAS,2026-03-02,15:03,15:14,0.18,Incidencia,CAMBIO DE CUCHILLA,0.0,14.0,0.0,124203
1053,2,luk6,LINEAS,2026-03-02,15:03,15:14,0.18,Incidencia,CAMBIO DE CUCHILLA,0.0,14.0,0.0,124203
426,1,luk6,LINEAS,2026-03-02,16:54,17:03,0.15,Incidencia,CAMBIO DE CUCHILLA,0.0,14.0,0.0,124203
1054,2,luk6,LINEAS,2026-03-02,16:54,17:03,0.15,Incidencia,CAMBIO DE CUCHILLA,0.0,14.0,0.0,124203
427,1,luk6,LINEAS,2026-03-02,18:45,18:53,0.13,Incidencia,CAMBIO DE CUCHILLA,0.0,14.0,0.0,124203
1055,2,luk6,LINEAS,2026-03-02,18:45,18:53,0.13,Incidencia,CAMBIO DE CUCHILLA,0.0,14.0,0.0,124203
428,1,luk6,LINEAS,2026-03-02,19:48,20:16,0.47,Incidencia,FALTA DE CALIDAD,0.0,14.0,0.0,124203
1056,2,luk6,LINEAS,2026-03-02,19:48,20:16,0.47,Incidencia,FALTA DE CALIDAD,0.0,14.0,0.0,124203
429,1,luk6,LINEAS,2026-03-03,06:00,13:59,6.47,Producción,,493.0,11.0,0.0,124203
1057,2,luk6,LINEAS,2026-03-03,06:00,13:59,6.47,Producción,,493.0,11.0,0.0,124203
430,1,luk6,LINEAS,2026-03-03,06:29,06:48,0.32,Incidencia,FALTA DE CALIDAD,0.0,11.0,0.0,124203
1058,2,luk6,LINEAS,2026-03-03,06:29,06:48,0.32,Incidencia,FALTA DE CALIDAD,0.0,11.0,0.0,124203
431,1,luk6,LINEAS,2026-03-03,08:01,08:10,0.15,Incidencia,FALTA DE CALIDAD,0.0,11.0,0.0,124203
1059,2,luk6,LINEAS,2026-03-03,08:01,08:10,0.15,Incidencia,FALTA DE CALIDAD,0.0,11.0,0.0,124203
432,1,luk6,LINEAS,2026-03-03,08:31,08:41,0.17,Incidencia,FALTA DE CALIDAD,0.0,11.0,0.0,124203
1060,2,luk6,LINEAS,2026-03-03,08:31,08:41,0.17,Incidencia,FALTA DE CALIDAD,0.0,11.0,0.0,124203
433,1,luk6,LINEAS,2026-03-03,08:48,08:56,0.13,Incidencia,FALTA DE CALIDAD,0.0,11.0,0.0,124203
1061,2,luk6,LINEAS,2026-03-03,08:48,08:56,0.13,Incidencia,FALTA DE CALIDAD,0.0,11.0,0.0,124203
434,1,luk6,LINEAS,2026-03-03,09:09,09:15,0.1,Incidencia,AJUSTE MAQUINA,0.0,11.0,0.0,124203
1062,2,luk6,LINEAS,2026-03-03,09:09,09:15,0.1,Incidencia,AJUSTE MAQUINA,0.0,11.0,0.0,124203
435,1,luk6,LINEAS,2026-03-03,09:54,10:00,0.1,Incidencia,CAMBIO DE CUCHILLA,0.0,11.0,0.0,124203
1063,2,luk6,LINEAS,2026-03-03,09:54,10:00,0.1,Incidencia,CAMBIO DE CUCHILLA,0.0,11.0,0.0,124203
436,1,luk6,LINEAS,2026-03-03,10:57,11:04,0.12,Incidencia,CAMBIO DE CUCHILLA,0.0,11.0,0.0,124203
1064,2,luk6,LINEAS,2026-03-03,10:57,11:04,0.12,Incidencia,CAMBIO DE CUCHILLA,0.0,11.0,0.0,124203
437,1,luk6,LINEAS,2026-03-03,12:56,13:03,0.12,Incidencia,PARADA ROBOT,0.0,11.0,0.0,124203
1065,2,luk6,LINEAS,2026-03-03,12:56,13:03,0.12,Incidencia,PARADA ROBOT,0.0,11.0,0.0,124203
438,1,luk6,LINEAS,2026-03-03,13:04,13:22,0.3,Incidencia,PARADA ROBOT,0.0,11.0,0.0,124203
1066,2,luk6,LINEAS,2026-03-03,13:04,13:22,0.3,Incidencia,PARADA ROBOT,0.0,11.0,0.0,124203
439,1,luk6,LINEAS,2026-03-03,13:59,21:58,5.82,Producción,,446.0,16.0,0.0,124203
1067,2,luk6,LINEAS,2026-03-03,13:59,21:58,5.82,Producción,,446.0,16.0,0.0,124203
440,1,luk6,LINEAS,2026-03-03,14:33,14:39,0.1,Incidencia,CAMBIO DE CUCHILLA,0.0,16.0,0.0,124203
1068,2,luk6,LINEAS,2026-03-03,14:33,14:39,0.1,Incidencia,CAMBIO DE CUCHILLA,0.0,16.0,0.0,124203
441,1,luk6,LINEAS,2026-03-03,16:01,17:10,1.15,Incidencia,FALTA DE CALIDAD,0.0,16.0,0.0,124203
1069,2,luk6,LINEAS,2026-03-03,16:01,17:10,1.15,Incidencia,FALTA DE CALIDAD,0.0,16.0,0.0,124203
442,1,luk6,LINEAS,2026-03-03,17:20,17:42,0.37,Incidencia,FALTA DE CALIDAD,0.0,16.0,0.0,124203
1070,2,luk6,LINEAS,2026-03-03,17:20,17:42,0.37,Incidencia,FALTA DE CALIDAD,0.0,16.0,0.0,124203
443,1,luk6,LINEAS,2026-03-03,18:55,19:01,0.1,Incidencia,CAMBIO DE CUCHILLA,0.0,16.0,0.0,124203
1071,2,luk6,LINEAS,2026-03-03,18:55,19:01,0.1,Incidencia,CAMBIO DE CUCHILLA,0.0,16.0,0.0,124203
444,1,luk6,LINEAS,2026-03-03,19:09,19:16,0.12,Incidencia,AJUSTE MAQUINA,0.0,16.0,0.0,124203
1072,2,luk6,LINEAS,2026-03-03,19:09,19:16,0.12,Incidencia,AJUSTE MAQUINA,0.0,16.0,0.0,124203
445,1,luk6,LINEAS,2026-03-03,20:18,20:27,0.15,Incidencia,CAMBIO DE CUCHILLA,0.0,16.0,0.0,124203
1073,2,luk6,LINEAS,2026-03-03,20:18,20:27,0.15,Incidencia,CAMBIO DE CUCHILLA,0.0,16.0,0.0,124203
446,1,luk6,LINEAS,2026-03-03,20:38,20:48,0.17,Incidencia,PARADA ROBOT,0.0,16.0,0.0,124203
1074,2,luk6,LINEAS,2026-03-03,20:38,20:48,0.17,Incidencia,PARADA ROBOT,0.0,16.0,0.0,124203
447,1,luk6,LINEAS,2026-03-03,21:58,00:07,2.05,Producción,,155.0,3.0,0.0,124203
1075,2,luk6,LINEAS,2026-03-03,21:58,00:07,2.05,Producción,,155.0,3.0,0.0,124203
448,1,luk6,LINEAS,2026-03-03,23:25,23:31,0.1,Incidencia,CAMBIO DE CUCHILLA,0.0,3.0,0.0,124203
1076,2,luk6,LINEAS,2026-03-03,23:25,23:31,0.1,Incidencia,CAMBIO DE CUCHILLA,0.0,3.0,0.0,124203
449,1,luk6,LINEAS,2026-03-04,11:49,14:00,2.06,Producción,,162.0,2.0,0.0,124203
1077,2,luk6,LINEAS,2026-03-04,11:49,14:00,2.06,Producción,,162.0,2.0,0.0,124203
450,1,luk6,LINEAS,2026-03-04,13:05,13:12,0.12,Incidencia,CAMBIO DE CUCHILLA,0.0,2.0,0.0,124203
1078,2,luk6,LINEAS,2026-03-04,13:05,13:12,0.12,Incidencia,CAMBIO DE CUCHILLA,0.0,2.0,0.0,124203
451,1,luk6,LINEAS,2026-03-04,14:00,21:58,7.06,Producción,,543.0,13.0,0.0,124203
1079,2,luk6,LINEAS,2026-03-04,14:00,21:58,7.06,Producción,,543.0,13.0,0.0,124203
452,1,luk6,LINEAS,2026-03-04,14:03,14:10,0.12,Incidencia,CAMBIO DE CUCHILLA,0.0,13.0,0.0,124203
1080,2,luk6,LINEAS,2026-03-04,14:03,14:10,0.12,Incidencia,CAMBIO DE CUCHILLA,0.0,13.0,0.0,124203
453,1,luk6,LINEAS,2026-03-04,15:14,15:28,0.23,Incidencia,CAMBIO DE CUCHILLA,0.0,13.0,0.0,124203
1081,2,luk6,LINEAS,2026-03-04,15:14,15:28,0.23,Incidencia,CAMBIO DE CUCHILLA,0.0,13.0,0.0,124203
454,1,luk6,LINEAS,2026-03-04,16:30,16:44,0.23,Incidencia,CAMBIO DE CUCHILLA,0.0,13.0,0.0,124203
1082,2,luk6,LINEAS,2026-03-04,16:30,16:44,0.23,Incidencia,CAMBIO DE CUCHILLA,0.0,13.0,0.0,124203
455,1,luk6,LINEAS,2026-03-04,17:45,17:56,0.18,Incidencia,CAMBIO DE CUCHILLA,0.0,13.0,0.0,124203
1083,2,luk6,LINEAS,2026-03-04,17:45,17:56,0.18,Incidencia,CAMBIO DE CUCHILLA,0.0,13.0,0.0,124203
456,1,luk6,LINEAS,2026-03-04,20:13,20:22,0.15,Incidencia,CAMBIO DE CUCHILLA,0.0,13.0,0.0,124203
1084,2,luk6,LINEAS,2026-03-04,20:13,20:22,0.15,Incidencia,CAMBIO DE CUCHILLA,0.0,13.0,0.0,124203
457,1,luk6,LINEAS,2026-03-04,21:58,06:00,7.38,Producción,,595.0,9.0,0.0,124203
1085,2,luk6,LINEAS,2026-03-04,21:58,06:00,7.38,Producción,,595.0,9.0,0.0,124203
458,1,luk6,LINEAS,2026-03-04,22:30,22:37,0.12,Incidencia,CAMBIO DE CUCHILLA,0.0,9.0,0.0,124203
1086,2,luk6,LINEAS,2026-03-04,22:30,22:37,0.12,Incidencia,CAMBIO DE CUCHILLA,0.0,9.0,0.0,124203
459,1,luk6,LINEAS,2026-03-05,06:00,13:59,6.38,Producción,,499.0,2.0,0.0,124203
1087,2,luk6,LINEAS,2026-03-05,06:00,13:59,6.38,Producción,,499.0,2.0,0.0,124203
460,1,luk6,LINEAS,2026-03-05,07:59,08:06,0.12,Incidencia,CAMBIO DE CUCHILLA,0.0,2.0,0.0,124203
1088,2,luk6,LINEAS,2026-03-05,07:59,08:06,0.12,Incidencia,CAMBIO DE CUCHILLA,0.0,2.0,0.0,124203
461,1,luk6,LINEAS,2026-03-05,10:08,11:31,1.38,Incidencia,LIMPIEZA,0.0,2.0,0.0,124203
1089,2,luk6,LINEAS,2026-03-05,10:08,11:31,1.38,Incidencia,LIMPIEZA,0.0,2.0,0.0,124203
462,1,luk6,LINEAS,2026-03-05,13:36,13:42,0.1,Incidencia,CAMBIO DE CUCHILLA,0.0,2.0,0.0,124203
1090,2,luk6,LINEAS,2026-03-05,13:36,13:42,0.1,Incidencia,CAMBIO DE CUCHILLA,0.0,2.0,0.0,124203
463,1,luk6,LINEAS,2026-03-05,13:59,21:58,5.79,Producción,,454.0,13.0,0.0,124203
1091,2,luk6,LINEAS,2026-03-05,13:59,21:58,5.79,Producción,,454.0,13.0,0.0,124203
464,1,luk6,LINEAS,2026-03-05,15:10,15:43,0.55,Incidencia,PARADA ROBOT,0.0,13.0,0.0,124203
1092,2,luk6,LINEAS,2026-03-05,15:10,15:43,0.55,Incidencia,PARADA ROBOT,0.0,13.0,0.0,124203
465,1,luk6,LINEAS,2026-03-05,15:47,16:36,0.82,Incidencia,FALTA DE CALIDAD,0.0,13.0,0.0,124203
1093,2,luk6,LINEAS,2026-03-05,15:47,16:36,0.82,Incidencia,FALTA DE CALIDAD,0.0,13.0,0.0,124203
466,1,luk6,LINEAS,2026-03-05,17:32,17:56,0.4,Incidencia,PARADA ROBOT,0.0,13.0,0.0,124203
1094,2,luk6,LINEAS,2026-03-05,17:32,17:56,0.4,Incidencia,PARADA ROBOT,0.0,13.0,0.0,124203
467,1,luk6,LINEAS,2026-03-05,19:13,19:26,0.22,Incidencia,CAMBIO DE CUCHILLA,0.0,13.0,0.0,124203
1095,2,luk6,LINEAS,2026-03-05,19:13,19:26,0.22,Incidencia,CAMBIO DE CUCHILLA,0.0,13.0,0.0,124203
468,1,luk6,LINEAS,2026-03-05,21:42,21:54,0.2,Incidencia,CAMBIO DE CUCHILLA,0.0,13.0,0.0,124203
1096,2,luk6,LINEAS,2026-03-05,21:42,21:54,0.2,Incidencia,CAMBIO DE CUCHILLA,0.0,13.0,0.0,124203
469,1,luk6,LINEAS,2026-03-05,21:58,05:57,7.33,Producción,,594.0,18.0,0.0,124203
1097,2,luk6,LINEAS,2026-03-05,21:58,05:57,7.33,Producción,,594.0,18.0,0.0,124203
470,1,luk6,LINEAS,2026-03-05,23:42,23:50,0.13,Incidencia,CAMBIO DE CUCHILLA,0.0,18.0,0.0,124203
1098,2,luk6,LINEAS,2026-03-05,23:42,23:50,0.13,Incidencia,CAMBIO DE CUCHILLA,0.0,18.0,0.0,124203
471,1,luk6,LINEAS,2026-03-06,09:33,09:41,0.13,Incidencia,CAMBIO DE CUCHILLA,0.0,7.0,0.0,124203
1099,2,luk6,LINEAS,2026-03-06,09:33,09:41,0.13,Incidencia,CAMBIO DE CUCHILLA,0.0,7.0,0.0,124203
472,1,luk6,LINEAS,2026-03-06,11:15,11:21,0.1,Incidencia,CAMBIO DE CUCHILLA,0.0,7.0,0.0,124203
1100,2,luk6,LINEAS,2026-03-06,11:15,11:21,0.1,Incidencia,CAMBIO DE CUCHILLA,0.0,7.0,0.0,124203
473,1,luk6,LINEAS,2026-03-06,13:30,13:36,0.1,Incidencia,CAMBIO DE CUCHILLA,0.0,7.0,0.0,124203
1101,2,luk6,LINEAS,2026-03-06,13:30,13:36,0.1,Incidencia,CAMBIO DE CUCHILLA,0.0,7.0,0.0,124203
474,1,luk6,LINEAS,2026-03-06,14:00,17:14,2.88,Producción,,227.0,14.0,0.0,124203
1102,2,luk6,LINEAS,2026-03-06,14:00,17:14,2.88,Producción,,227.0,14.0,0.0,124203
475,1,luk6,LINEAS,2026-03-06,15:03,15:09,0.1,Incidencia,CAMBIO DE CUCHILLA,0.0,14.0,0.0,124203
1103,2,luk6,LINEAS,2026-03-06,15:03,15:09,0.1,Incidencia,CAMBIO DE CUCHILLA,0.0,14.0,0.0,124203
476,1,luk6,LINEAS,2026-03-06,16:26,16:41,0.25,Incidencia,CAMBIO DE CUCHILLA,0.0,14.0,0.0,124203
1104,2,luk6,LINEAS,2026-03-06,16:26,16:41,0.25,Incidencia,CAMBIO DE CUCHILLA,0.0,14.0,0.0,124203
477,1,luk6,LINEAS,2026-03-06,17:14,21:57,4.38,Producción,,332.0,14.0,0.0,124203
1105,2,luk6,LINEAS,2026-03-06,17:14,21:57,4.38,Producción,,332.0,14.0,0.0,124203
478,1,luk6,LINEAS,2026-03-06,19:18,19:28,0.17,Incidencia,CAMBIO DE CUCHILLA,0.0,14.0,0.0,124203
1106,2,luk6,LINEAS,2026-03-06,19:18,19:28,0.17,Incidencia,CAMBIO DE CUCHILLA,0.0,14.0,0.0,124203
479,1,luk6,LINEAS,2026-03-06,21:46,21:56,0.17,Incidencia,CAMBIO DE CUCHILLA,0.0,14.0,0.0,124203
1107,2,luk6,LINEAS,2026-03-06,21:46,21:56,0.17,Incidencia,CAMBIO DE CUCHILLA,0.0,14.0,0.0,124203
480,1,luk6,LINEAS,2026-03-08,22:00,05:58,7.5,Producción,,558.0,5.0,0.0,124203
1108,2,luk6,LINEAS,2026-03-08,22:00,05:58,7.5,Producción,,558.0,5.0,0.0,124203
481,1,luk6,LINEAS,2026-03-09,07:52,08:00,0.13,Incidencia,CAMBIO DE CUCHILLA,0.0,16.0,0.0,124203
1109,2,luk6,LINEAS,2026-03-09,07:52,08:00,0.13,Incidencia,CAMBIO DE CUCHILLA,0.0,16.0,0.0,124203
482,1,luk6,LINEAS,2026-03-09,08:05,08:17,0.2,Incidencia,PARADA ROBOT,0.0,16.0,0.0,124203
1110,2,luk6,LINEAS,2026-03-09,08:05,08:17,0.2,Incidencia,PARADA ROBOT,0.0,16.0,0.0,124203
483,1,luk6,LINEAS,2026-03-09,10:05,10:19,0.23,Incidencia,CAMBIO DE CUCHILLA,0.0,16.0,0.0,124203
1111,2,luk6,LINEAS,2026-03-09,10:05,10:19,0.23,Incidencia,CAMBIO DE CUCHILLA,0.0,16.0,0.0,124203
484,1,luk6,LINEAS,2026-03-09,11:49,11:58,0.15,Incidencia,CAMBIO DE CUCHILLA,0.0,16.0,0.0,124203
1112,2,luk6,LINEAS,2026-03-09,11:49,11:58,0.15,Incidencia,CAMBIO DE CUCHILLA,0.0,16.0,0.0,124203
485,1,luk6,LINEAS,2026-03-09,13:02,13:32,0.5,Incidencia,PARADA ROBOT,0.0,16.0,0.0,124203
1113,2,luk6,LINEAS,2026-03-09,13:02,13:32,0.5,Incidencia,PARADA ROBOT,0.0,16.0,0.0,124203
486,1,luk6,LINEAS,2026-03-09,13:32,13:38,0.1,Incidencia,PARADA ROBOT,0.0,16.0,0.0,124203
1114,2,luk6,LINEAS,2026-03-09,13:32,13:38,0.1,Incidencia,PARADA ROBOT,0.0,16.0,0.0,124203
487,1,luk6,LINEAS,2026-03-09,13:39,13:45,0.1,Incidencia,PARADA ROBOT,0.0,16.0,0.0,124203
1115,2,luk6,LINEAS,2026-03-09,13:39,13:45,0.1,Incidencia,PARADA ROBOT,0.0,16.0,0.0,124203
488,1,luk6,LINEAS,2026-03-09,13:52,13:58,0.1,Incidencia,AVERIA,0.0,0.0,0.0,
1116,2,luk6,LINEAS,2026-03-09,13:52,13:58,0.1,Incidencia,AVERIA,0.0,0.0,0.0,
489,1,luk6,LINEAS,2026-03-09,13:58,21:58,6.19,Producción,,495.0,6.0,0.0,124203
1117,2,luk6,LINEAS,2026-03-09,13:58,21:58,6.19,Producción,,495.0,6.0,0.0,124203
490,1,luk6,LINEAS,2026-03-09,14:09,15:21,1.2,Incidencia,AVERIA,0.0,0.0,0.0,
1118,2,luk6,LINEAS,2026-03-09,14:09,15:21,1.2,Incidencia,AVERIA,0.0,0.0,0.0,
491,1,luk6,LINEAS,2026-03-09,16:51,17:06,0.25,Incidencia,CAMBIO DE CUCHILLA,0.0,6.0,0.0,124203
1119,2,luk6,LINEAS,2026-03-09,16:51,17:06,0.25,Incidencia,CAMBIO DE CUCHILLA,0.0,6.0,0.0,124203
492,1,luk6,LINEAS,2026-03-09,18:49,19:03,0.23,Incidencia,CAMBIO DE CUCHILLA,0.0,6.0,0.0,124203
1120,2,luk6,LINEAS,2026-03-09,18:49,19:03,0.23,Incidencia,CAMBIO DE CUCHILLA,0.0,6.0,0.0,124203
493,1,luk6,LINEAS,2026-03-09,20:50,20:58,0.13,Incidencia,CAMBIO DE CUCHILLA,0.0,6.0,0.0,124203
1121,2,luk6,LINEAS,2026-03-09,20:50,20:58,0.13,Incidencia,CAMBIO DE CUCHILLA,0.0,6.0,0.0,124203
494,1,luk6,LINEAS,2026-03-09,21:58,06:00,8.03,Producción,,615.0,5.0,0.0,124203
1122,2,luk6,LINEAS,2026-03-09,21:58,06:00,8.03,Producción,,615.0,5.0,0.0,124203
495,1,luk6,LINEAS,2026-03-10,06:00,13:58,7.28,Producción,,574.0,21.0,0.0,124203
1123,2,luk6,LINEAS,2026-03-10,06:00,13:58,7.28,Producción,,574.0,21.0,0.0,124203
496,1,luk6,LINEAS,2026-03-10,07:02,07:10,0.13,Incidencia,CAMBIO DE CUCHILLA,0.0,21.0,0.0,124203
1124,2,luk6,LINEAS,2026-03-10,07:02,07:10,0.13,Incidencia,CAMBIO DE CUCHILLA,0.0,21.0,0.0,124203
497,1,luk6,LINEAS,2026-03-10,07:15,07:20,0.08,Incidencia,AJUSTE MAQUINA,0.0,21.0,0.0,124203
1125,2,luk6,LINEAS,2026-03-10,07:15,07:20,0.08,Incidencia,AJUSTE MAQUINA,0.0,21.0,0.0,124203
498,1,luk6,LINEAS,2026-03-10,08:00,08:11,0.18,Incidencia,CAMBIO DE CUCHILLA,0.0,21.0,0.0,124203
1126,2,luk6,LINEAS,2026-03-10,08:00,08:11,0.18,Incidencia,CAMBIO DE CUCHILLA,0.0,21.0,0.0,124203
499,1,luk6,LINEAS,2026-03-10,10:19,10:28,0.15,Incidencia,CAMBIO DE CUCHILLA,0.0,21.0,0.0,124203
1127,2,luk6,LINEAS,2026-03-10,10:19,10:28,0.15,Incidencia,CAMBIO DE CUCHILLA,0.0,21.0,0.0,124203
500,1,luk6,LINEAS,2026-03-10,13:01,13:10,0.15,Incidencia,CAMBIO DE CUCHILLA,0.0,21.0,0.0,124203
1128,2,luk6,LINEAS,2026-03-10,13:01,13:10,0.15,Incidencia,CAMBIO DE CUCHILLA,0.0,21.0,0.0,124203
501,1,luk6,LINEAS,2026-03-10,13:58,21:59,7.29,Producción,,577.0,11.0,0.0,124203
1129,2,luk6,LINEAS,2026-03-10,13:58,21:59,7.29,Producción,,577.0,11.0,0.0,124203
502,1,luk6,LINEAS,2026-03-10,15:01,15:09,0.13,Incidencia,CAMBIO DE CUCHILLA,0.0,11.0,0.0,124203
1130,2,luk6,LINEAS,2026-03-10,15:01,15:09,0.13,Incidencia,CAMBIO DE CUCHILLA,0.0,11.0,0.0,124203
503,1,luk6,LINEAS,2026-03-10,17:02,17:09,0.12,Incidencia,CAMBIO DE CUCHILLA,0.0,11.0,0.0,124203
1131,2,luk6,LINEAS,2026-03-10,17:02,17:09,0.12,Incidencia,CAMBIO DE CUCHILLA,0.0,11.0,0.0,124203
504,1,luk6,LINEAS,2026-03-10,18:51,19:00,0.15,Incidencia,CAMBIO DE CUCHILLA,0.0,11.0,0.0,124203
1132,2,luk6,LINEAS,2026-03-10,18:51,19:00,0.15,Incidencia,CAMBIO DE CUCHILLA,0.0,11.0,0.0,124203
505,1,luk6,LINEAS,2026-03-10,19:59,20:10,0.18,Incidencia,PARADA ROBOT,0.0,11.0,0.0,124203
1133,2,luk6,LINEAS,2026-03-10,19:59,20:10,0.18,Incidencia,PARADA ROBOT,0.0,11.0,0.0,124203
506,1,luk6,LINEAS,2026-03-10,20:53,21:02,0.15,Incidencia,CAMBIO DE CUCHILLA,0.0,11.0,0.0,124203
1134,2,luk6,LINEAS,2026-03-10,20:53,21:02,0.15,Incidencia,CAMBIO DE CUCHILLA,0.0,11.0,0.0,124203
507,1,luk6,LINEAS,2026-03-10,21:59,05:59,7.7,Producción,,611.0,5.0,0.0,124203
1135,2,luk6,LINEAS,2026-03-10,21:59,05:59,7.7,Producción,,611.0,5.0,0.0,124203
508,1,luk6,LINEAS,2026-03-10,22:59,23:05,0.1,Incidencia,CAMBIO DE CUCHILLA,0.0,5.0,0.0,124203
1136,2,luk6,LINEAS,2026-03-10,22:59,23:05,0.1,Incidencia,CAMBIO DE CUCHILLA,0.0,5.0,0.0,124203
509,1,luk6,LINEAS,2026-03-11,08:01,08:08,0.12,Incidencia,CAMBIO DE CUCHILLA,0.0,4.0,0.0,124203
1137,2,luk6,LINEAS,2026-03-11,08:01,08:08,0.12,Incidencia,CAMBIO DE CUCHILLA,0.0,4.0,0.0,124203
510,1,luk6,LINEAS,2026-03-11,08:38,13:58,4.88,Producción,,384.0,8.0,0.0,124203
1138,2,luk6,LINEAS,2026-03-11,08:38,13:58,4.88,Producción,,384.0,8.0,0.0,124203
511,1,luk6,LINEAS,2026-03-11,10:29,10:41,0.2,Incidencia,CAMBIO DE CUCHILLA,0.0,8.0,0.0,124203
1139,2,luk6,LINEAS,2026-03-11,10:29,10:41,0.2,Incidencia,CAMBIO DE CUCHILLA,0.0,8.0,0.0,124203
512,1,luk6,LINEAS,2026-03-11,13:00,13:15,0.25,Incidencia,CAMBIO DE CUCHILLA,0.0,8.0,0.0,124203
1140,2,luk6,LINEAS,2026-03-11,13:00,13:15,0.25,Incidencia,CAMBIO DE CUCHILLA,0.0,8.0,0.0,124203
513,1,luk6,LINEAS,2026-03-11,13:58,21:58,7.7,Producción,,590.0,2.0,0.0,124203
1141,2,luk6,LINEAS,2026-03-11,13:58,21:58,7.7,Producción,,590.0,2.0,0.0,124203
514,1,luk6,LINEAS,2026-03-11,15:29,15:34,0.08,Incidencia,CAMBIO DE CUCHILLA,0.0,2.0,0.0,124203
1142,2,luk6,LINEAS,2026-03-11,15:29,15:34,0.08,Incidencia,CAMBIO DE CUCHILLA,0.0,2.0,0.0,124203
515,1,luk6,LINEAS,2026-03-11,19:39,19:46,0.12,Incidencia,PARADA ROBOT,0.0,2.0,0.0,124203
1143,2,luk6,LINEAS,2026-03-11,19:39,19:46,0.12,Incidencia,PARADA ROBOT,0.0,2.0,0.0,124203
516,1,luk6,LINEAS,2026-03-11,21:44,21:50,0.1,Incidencia,CAMBIO DE CUCHILLA,0.0,2.0,0.0,124203
1144,2,luk6,LINEAS,2026-03-11,21:44,21:50,0.1,Incidencia,CAMBIO DE CUCHILLA,0.0,2.0,0.0,124203
517,1,luk6,LINEAS,2026-03-11,21:58,05:59,8.02,Producción,,613.0,6.0,0.0,124203
1145,2,luk6,LINEAS,2026-03-11,21:58,05:59,8.02,Producción,,613.0,6.0,0.0,124203
518,1,luk6,LINEAS,2026-03-12,08:02,08:15,0.22,Incidencia,CAMBIO DE CUCHILLA,0.0,18.0,0.0,124203
1146,2,luk6,LINEAS,2026-03-12,08:02,08:15,0.22,Incidencia,CAMBIO DE CUCHILLA,0.0,18.0,0.0,124203
519,1,luk6,LINEAS,2026-03-12,09:26,09:32,0.1,Incidencia,CAMBIO DE CUCHILLA,0.0,18.0,0.0,124203
1147,2,luk6,LINEAS,2026-03-12,09:26,09:32,0.1,Incidencia,CAMBIO DE CUCHILLA,0.0,18.0,0.0,124203
520,1,luk6,LINEAS,2026-03-12,10:01,12:15,2.23,Incidencia,LIMPIEZA,0.0,18.0,0.0,124203
1148,2,luk6,LINEAS,2026-03-12,10:01,12:15,2.23,Incidencia,LIMPIEZA,0.0,18.0,0.0,124203
521,1,luk6,LINEAS,2026-03-12,12:51,13:06,0.25,Incidencia,CAMBIO DE CUCHILLA,0.0,18.0,0.0,124203
1149,2,luk6,LINEAS,2026-03-12,12:51,13:06,0.25,Incidencia,CAMBIO DE CUCHILLA,0.0,18.0,0.0,124203
522,1,luk6,LINEAS,2026-03-12,13:59,21:58,7.82,Producción,,603.0,12.0,0.0,124203
1150,2,luk6,LINEAS,2026-03-12,13:59,21:58,7.82,Producción,,603.0,12.0,0.0,124203
523,1,luk6,LINEAS,2026-03-12,19:18,19:23,0.08,Incidencia,CAMBIO DE CUCHILLA,0.0,12.0,0.0,124203
1151,2,luk6,LINEAS,2026-03-12,19:18,19:23,0.08,Incidencia,CAMBIO DE CUCHILLA,0.0,12.0,0.0,124203
524,1,luk6,LINEAS,2026-03-12,21:47,21:52,0.08,Incidencia,CAMBIO DE CUCHILLA,0.0,12.0,0.0,124203
1152,2,luk6,LINEAS,2026-03-12,21:47,21:52,0.08,Incidencia,CAMBIO DE CUCHILLA,0.0,12.0,0.0,124203
525,1,luk6,LINEAS,2026-03-12,21:58,05:58,7.36,Producción,,575.0,5.0,0.0,124203
1153,2,luk6,LINEAS,2026-03-12,21:58,05:58,7.36,Producción,,575.0,5.0,0.0,124203
526,1,luk6,LINEAS,2026-03-13,08:15,08:21,0.1,Incidencia,CAMBIO DE CUCHILLA,0.0,16.0,0.0,124203
1154,2,luk6,LINEAS,2026-03-13,08:15,08:21,0.1,Incidencia,CAMBIO DE CUCHILLA,0.0,16.0,0.0,124203
527,1,luk6,LINEAS,2026-03-13,10:54,11:00,0.1,Incidencia,CAMBIO DE CUCHILLA,0.0,16.0,0.0,124203
1155,2,luk6,LINEAS,2026-03-13,10:54,11:00,0.1,Incidencia,CAMBIO DE CUCHILLA,0.0,16.0,0.0,124203
528,1,luk6,LINEAS,2026-03-13,13:30,13:37,0.12,Incidencia,CAMBIO DE CUCHILLA,0.0,16.0,0.0,124203
1156,2,luk6,LINEAS,2026-03-13,13:30,13:37,0.12,Incidencia,CAMBIO DE CUCHILLA,0.0,16.0,0.0,124203
529,1,luk6,LINEAS,2026-03-13,13:59,21:57,7.6,Producción,,600.0,5.0,0.0,124203
1157,2,luk6,LINEAS,2026-03-13,13:59,21:57,7.6,Producción,,600.0,5.0,0.0,124203
530,1,luk6,LINEAS,2026-03-13,16:07,16:13,0.1,Incidencia,CAMBIO DE CUCHILLA,0.0,5.0,0.0,124203
1158,2,luk6,LINEAS,2026-03-13,16:07,16:13,0.1,Incidencia,CAMBIO DE CUCHILLA,0.0,5.0,0.0,124203
531,1,luk6,LINEAS,2026-03-13,18:40,18:46,0.1,Incidencia,CAMBIO DE CUCHILLA,0.0,5.0,0.0,124203
1159,2,luk6,LINEAS,2026-03-13,18:40,18:46,0.1,Incidencia,CAMBIO DE CUCHILLA,0.0,5.0,0.0,124203
532,1,luk6,LINEAS,2026-03-13,21:47,21:57,0.17,Incidencia,CAMBIO DE CUCHILLA,0.0,5.0,0.0,124203
1160,2,luk6,LINEAS,2026-03-13,21:47,21:57,0.17,Incidencia,CAMBIO DE CUCHILLA,0.0,5.0,0.0,124203
533,1,luk6,LINEAS,2026-03-15,22:11,05:59,7.29,Producción,,562.0,14.0,0.0,124203
1161,2,luk6,LINEAS,2026-03-15,22:11,05:59,7.29,Producción,,562.0,14.0,0.0,124203
534,1,luk6,LINEAS,2026-03-15,23:25,23:30,0.08,Incidencia,CAMBIO DE CUCHILLA,0.0,14.0,0.0,124203
1162,2,luk6,LINEAS,2026-03-15,23:25,23:30,0.08,Incidencia,CAMBIO DE CUCHILLA,0.0,14.0,0.0,124203
535,1,luk6,LINEAS,2026-03-16,10:43,10:48,0.08,Incidencia,CAMBIO DE CUCHILLA,0.0,10.0,0.0,124203
1163,2,luk6,LINEAS,2026-03-16,10:43,10:48,0.08,Incidencia,CAMBIO DE CUCHILLA,0.0,10.0,0.0,124203
536,1,luk6,LINEAS,2026-03-16,12:02,12:07,0.08,Incidencia,CAMBIO DE CUCHILLA,0.0,10.0,0.0,124203
1164,2,luk6,LINEAS,2026-03-16,12:02,12:07,0.08,Incidencia,CAMBIO DE CUCHILLA,0.0,10.0,0.0,124203
537,1,luk6,LINEAS,2026-03-16,13:25,13:33,0.13,Incidencia,CAMBIO DE CUCHILLA,0.0,10.0,0.0,124203
1165,2,luk6,LINEAS,2026-03-16,13:25,13:33,0.13,Incidencia,CAMBIO DE CUCHILLA,0.0,10.0,0.0,124203
538,1,luk6,LINEAS,2026-03-16,14:00,21:55,7.66,Producción,,603.0,6.0,0.0,124203
1166,2,luk6,LINEAS,2026-03-16,14:00,21:55,7.66,Producción,,603.0,6.0,0.0,124203
539,1,luk6,LINEAS,2026-03-16,17:36,17:41,0.08,Incidencia,CAMBIO DE CUCHILLA,0.0,6.0,0.0,124203
1167,2,luk6,LINEAS,2026-03-16,17:36,17:41,0.08,Incidencia,CAMBIO DE CUCHILLA,0.0,6.0,0.0,124203
540,1,luk6,LINEAS,2026-03-16,21:31,21:36,0.08,Incidencia,CAMBIO DE CUCHILLA,0.0,6.0,0.0,124203
1168,2,luk6,LINEAS,2026-03-16,21:31,21:36,0.08,Incidencia,CAMBIO DE CUCHILLA,0.0,6.0,0.0,124203
541,1,luk6,LINEAS,2026-03-16,21:49,21:55,0.1,Incidencia,AJUSTE MAQUINA,0.0,6.0,0.0,124203
1169,2,luk6,LINEAS,2026-03-16,21:49,21:55,0.1,Incidencia,AJUSTE MAQUINA,0.0,6.0,0.0,124203
542,1,luk6,LINEAS,2026-03-17,21:55,05:58,5.35,Producción,,411.0,14.0,0.0,124203
1170,2,luk6,LINEAS,2026-03-17,21:55,05:58,5.35,Producción,,411.0,14.0,0.0,124203
543,1,luk6,LINEAS,2026-03-18,07:02,07:10,0.13,Incidencia,CAMBIO DE CUCHILLA,0.0,4.0,0.0,124203
1171,2,luk6,LINEAS,2026-03-18,07:02,07:10,0.13,Incidencia,CAMBIO DE CUCHILLA,0.0,4.0,0.0,124203
544,1,luk6,LINEAS,2026-03-18,09:43,09:48,0.08,Incidencia,CAMBIO DE CUCHILLA,0.0,4.0,0.0,124203
1172,2,luk6,LINEAS,2026-03-18,09:43,09:48,0.08,Incidencia,CAMBIO DE CUCHILLA,0.0,4.0,0.0,124203
545,1,luk6,LINEAS,2026-03-18,09:54,10:16,0.37,Incidencia,CORRECCIÓN DE CONO,0.0,4.0,0.0,124203
1173,2,luk6,LINEAS,2026-03-18,09:54,10:16,0.37,Incidencia,CORRECCIÓN DE CONO,0.0,4.0,0.0,124203
546,1,luk6,LINEAS,2026-03-18,11:24,11:30,0.1,Incidencia,CAMBIO DE CUCHILLA,0.0,4.0,0.0,124203
1174,2,luk6,LINEAS,2026-03-18,11:24,11:30,0.1,Incidencia,CAMBIO DE CUCHILLA,0.0,4.0,0.0,124203
547,1,luk6,LINEAS,2026-03-18,13:58,16:29,2.52,Producción,,200.0,6.0,0.0,124203
1175,2,luk6,LINEAS,2026-03-18,13:58,16:29,2.52,Producción,,200.0,6.0,0.0,124203
548,1,luk6,LINEAS,2026-03-18,16:29,21:58,5.3,Producción,,404.0,2.0,0.0,124203
1176,2,luk6,LINEAS,2026-03-18,16:29,21:58,5.3,Producción,,404.0,2.0,0.0,124203
549,1,luk6,LINEAS,2026-03-18,17:43,17:48,0.08,Incidencia,CAMBIO DE CUCHILLA,0.0,2.0,0.0,124203
1177,2,luk6,LINEAS,2026-03-18,17:43,17:48,0.08,Incidencia,CAMBIO DE CUCHILLA,0.0,2.0,0.0,124203
550,1,luk6,LINEAS,2026-03-18,21:36,21:42,0.1,Incidencia,CAMBIO DE CUCHILLA,0.0,2.0,0.0,124203
1178,2,luk6,LINEAS,2026-03-18,21:36,21:42,0.1,Incidencia,CAMBIO DE CUCHILLA,0.0,2.0,0.0,124203
551,1,luk6,LINEAS,2026-03-18,21:58,05:59,7.62,Producción,,606.0,11.0,0.0,124203
1179,2,luk6,LINEAS,2026-03-18,21:58,05:59,7.62,Producción,,606.0,11.0,0.0,124203
552,1,luk6,LINEAS,2026-03-19,06:00,13:57,7.95,Producción,,627.0,3.0,0.0,124203
1180,2,luk6,LINEAS,2026-03-19,06:00,13:57,7.95,Producción,,627.0,3.0,0.0,124203
553,1,luk6,LINEAS,2026-03-20,07:18,07:24,0.1,Incidencia,CAMBIO DE CUCHILLA,0.0,1.0,0.0,124203
1181,2,luk6,LINEAS,2026-03-20,07:18,07:24,0.1,Incidencia,CAMBIO DE CUCHILLA,0.0,1.0,0.0,124203
554,1,luk6,LINEAS,2026-03-20,09:56,10:02,0.1,Incidencia,CAMBIO DE CUCHILLA,0.0,1.0,0.0,124203
1182,2,luk6,LINEAS,2026-03-20,09:56,10:02,0.1,Incidencia,CAMBIO DE CUCHILLA,0.0,1.0,0.0,124203
555,1,luk6,LINEAS,2026-03-20,11:49,11:57,0.13,Incidencia,CAMBIO DE CUCHILLA,0.0,1.0,0.0,124203
1183,2,luk6,LINEAS,2026-03-20,11:49,11:57,0.13,Incidencia,CAMBIO DE CUCHILLA,0.0,1.0,0.0,124203
556,1,luk6,LINEAS,2026-03-22,21:58,05:58,7.41,Producción,,608.0,13.0,0.0,124203
1184,2,luk6,LINEAS,2026-03-22,21:58,05:58,7.41,Producción,,608.0,13.0,0.0,124203
557,1,luk6,LINEAS,2026-03-23,07:00,07:07,0.12,Incidencia,CAMBIO DE CUCHILLA,0.0,11.0,0.0,124203
1185,2,luk6,LINEAS,2026-03-23,07:00,07:07,0.12,Incidencia,CAMBIO DE CUCHILLA,0.0,11.0,0.0,124203
558,1,luk6,LINEAS,2026-03-23,07:37,08:04,0.45,Incidencia,FALTA DE CALIDAD,0.0,11.0,0.0,124203
1186,2,luk6,LINEAS,2026-03-23,07:37,08:04,0.45,Incidencia,FALTA DE CALIDAD,0.0,11.0,0.0,124203
559,1,luk6,LINEAS,2026-03-23,08:23,08:39,0.27,Incidencia,PARADA ROBOT,0.0,11.0,0.0,124203
1187,2,luk6,LINEAS,2026-03-23,08:23,08:39,0.27,Incidencia,PARADA ROBOT,0.0,11.0,0.0,124203
560,1,luk6,LINEAS,2026-03-23,09:30,09:35,0.08,Incidencia,CAMBIO DE CUCHILLA,0.0,11.0,0.0,124203
1188,2,luk6,LINEAS,2026-03-23,09:30,09:35,0.08,Incidencia,CAMBIO DE CUCHILLA,0.0,11.0,0.0,124203
561,1,luk6,LINEAS,2026-03-23,12:06,12:13,0.12,Incidencia,CAMBIO DE CUCHILLA,0.0,11.0,0.0,124203
1189,2,luk6,LINEAS,2026-03-23,12:06,12:13,0.12,Incidencia,CAMBIO DE CUCHILLA,0.0,11.0,0.0,124203
562,1,luk6,LINEAS,2026-03-23,13:59,21:58,7.51,Producción,,590.0,12.0,0.0,124203
1190,2,luk6,LINEAS,2026-03-23,13:59,21:58,7.51,Producción,,590.0,12.0,0.0,124203
563,1,luk6,LINEAS,2026-03-23,16:01,16:11,0.17,Incidencia,CAMBIO DE CUCHILLA,0.0,12.0,0.0,124203
1191,2,luk6,LINEAS,2026-03-23,16:01,16:11,0.17,Incidencia,CAMBIO DE CUCHILLA,0.0,12.0,0.0,124203
564,1,luk6,LINEAS,2026-03-23,18:32,18:41,0.15,Incidencia,CAMBIO DE CUCHILLA,0.0,12.0,0.0,124203
1192,2,luk6,LINEAS,2026-03-23,18:32,18:41,0.15,Incidencia,CAMBIO DE CUCHILLA,0.0,12.0,0.0,124203
565,1,luk6,LINEAS,2026-03-23,21:05,21:14,0.15,Incidencia,CAMBIO DE CUCHILLA,0.0,12.0,0.0,124203
1193,2,luk6,LINEAS,2026-03-23,21:05,21:14,0.15,Incidencia,CAMBIO DE CUCHILLA,0.0,12.0,0.0,124203
566,1,luk6,LINEAS,2026-03-23,21:58,06:01,7.82,Producción,,623.0,2.0,0.0,124203
1194,2,luk6,LINEAS,2026-03-23,21:58,06:01,7.82,Producción,,623.0,2.0,0.0,124203
567,1,luk6,LINEAS,2026-03-23,23:42,23:48,0.1,Incidencia,CAMBIO DE CUCHILLA,0.0,2.0,0.0,124203
1195,2,luk6,LINEAS,2026-03-23,23:42,23:48,0.1,Incidencia,CAMBIO DE CUCHILLA,0.0,2.0,0.0,124203
568,1,luk6,LINEAS,2026-03-24,06:01,14:05,8.07,Producción,,617.0,3.0,0.0,124203
1196,2,luk6,LINEAS,2026-03-24,06:01,14:05,8.07,Producción,,617.0,3.0,0.0,124203
569,1,luk6,LINEAS,2026-03-24,14:05,21:58,7.41,Producción,,593.0,11.0,0.0,124203
1197,2,luk6,LINEAS,2026-03-24,14:05,21:58,7.41,Producción,,593.0,11.0,0.0,124203
570,1,luk6,LINEAS,2026-03-24,14:56,15:05,0.15,Incidencia,CAMBIO DE CUCHILLA,0.0,11.0,0.0,124203
1198,2,luk6,LINEAS,2026-03-24,14:56,15:05,0.15,Incidencia,CAMBIO DE CUCHILLA,0.0,11.0,0.0,124203
571,1,luk6,LINEAS,2026-03-24,16:17,16:23,0.1,Incidencia,CAMBIO DE CUCHILLA,0.0,11.0,0.0,124203
1199,2,luk6,LINEAS,2026-03-24,16:17,16:23,0.1,Incidencia,CAMBIO DE CUCHILLA,0.0,11.0,0.0,124203
572,1,luk6,LINEAS,2026-03-24,18:38,18:44,0.1,Incidencia,CAMBIO DE CUCHILLA,0.0,11.0,0.0,124203
1200,2,luk6,LINEAS,2026-03-24,18:38,18:44,0.1,Incidencia,CAMBIO DE CUCHILLA,0.0,11.0,0.0,124203
573,1,luk6,LINEAS,2026-03-24,21:05,21:12,0.12,Incidencia,CAMBIO DE CUCHILLA,0.0,11.0,0.0,124203
1201,2,luk6,LINEAS,2026-03-24,21:05,21:12,0.12,Incidencia,CAMBIO DE CUCHILLA,0.0,11.0,0.0,124203
574,1,luk6,LINEAS,2026-03-24,21:58,00:16,2.2,Producción,,180.0,0.0,0.0,124203
1202,2,luk6,LINEAS,2026-03-24,21:58,00:16,2.2,Producción,,180.0,0.0,0.0,124203
575,1,luk6,LINEAS,2026-03-24,23:09,23:15,0.1,Incidencia,CAMBIO DE CUCHILLA,0.0,0.0,0.0,124203
1203,2,luk6,LINEAS,2026-03-24,23:09,23:15,0.1,Incidencia,CAMBIO DE CUCHILLA,0.0,0.0,0.0,124203
576,1,luk6,LINEAS,2026-03-25,09:26,09:32,0.1,Incidencia,CAMBIO DE CUCHILLA,0.0,18.0,0.0,124203
1204,2,luk6,LINEAS,2026-03-25,09:26,09:32,0.1,Incidencia,CAMBIO DE CUCHILLA,0.0,18.0,0.0,124203
577,1,luk6,LINEAS,2026-03-25,13:59,22:00,7.55,Producción,,598.0,10.0,0.0,124203
1205,2,luk6,LINEAS,2026-03-25,13:59,22:00,7.55,Producción,,598.0,10.0,0.0,124203
578,1,luk6,LINEAS,2026-03-25,16:19,16:28,0.15,Incidencia,CAMBIO DE CUCHILLA,0.0,10.0,0.0,124203
1206,2,luk6,LINEAS,2026-03-25,16:19,16:28,0.15,Incidencia,CAMBIO DE CUCHILLA,0.0,10.0,0.0,124203
579,1,luk6,LINEAS,2026-03-25,19:00,19:10,0.17,Incidencia,CAMBIO DE CUCHILLA,0.0,10.0,0.0,124203
1207,2,luk6,LINEAS,2026-03-25,19:00,19:10,0.17,Incidencia,CAMBIO DE CUCHILLA,0.0,10.0,0.0,124203
580,1,luk6,LINEAS,2026-03-25,21:35,21:44,0.15,Incidencia,CAMBIO DE CUCHILLA,0.0,10.0,0.0,124203
1208,2,luk6,LINEAS,2026-03-25,21:35,21:44,0.15,Incidencia,CAMBIO DE CUCHILLA,0.0,10.0,0.0,124203
581,1,luk6,LINEAS,2026-03-26,06:26,07:42,1.27,Producción,,98.0,1.0,0.0,124203
1209,2,luk6,LINEAS,2026-03-26,06:26,07:42,1.27,Producción,,98.0,1.0,0.0,124203
582,1,luk6,LINEAS,2026-03-26,07:42,13:59,4.44,Producción,,341.0,6.0,0.0,124203
1210,2,luk6,LINEAS,2026-03-26,07:42,13:59,4.44,Producción,,341.0,6.0,0.0,124203
583,1,luk6,LINEAS,2026-03-26,10:20,11:57,1.62,Incidencia,LIMPIEZA,0.0,6.0,0.0,124203
1211,2,luk6,LINEAS,2026-03-26,10:20,11:57,1.62,Incidencia,LIMPIEZA,0.0,6.0,0.0,124203
584,1,luk6,LINEAS,2026-03-26,11:57,12:10,0.22,Incidencia,PARADA ROBOT,0.0,6.0,0.0,124203
1212,2,luk6,LINEAS,2026-03-26,11:57,12:10,0.22,Incidencia,PARADA ROBOT,0.0,6.0,0.0,124203
585,1,luk6,LINEAS,2026-03-26,13:59,22:11,7.81,Producción,,615.0,15.0,0.0,124203
1213,2,luk6,LINEAS,2026-03-26,13:59,22:11,7.81,Producción,,615.0,15.0,0.0,124203
586,1,luk6,LINEAS,2026-03-26,15:58,16:04,0.1,Incidencia,CAMBIO DE CUCHILLA,0.0,15.0,0.0,124203
1214,2,luk6,LINEAS,2026-03-26,15:58,16:04,0.1,Incidencia,CAMBIO DE CUCHILLA,0.0,15.0,0.0,124203
587,1,luk6,LINEAS,2026-03-26,18:22,18:32,0.17,Incidencia,CAMBIO DE CUCHILLA,0.0,15.0,0.0,124203
1215,2,luk6,LINEAS,2026-03-26,18:22,18:32,0.17,Incidencia,CAMBIO DE CUCHILLA,0.0,15.0,0.0,124203
588,1,luk6,LINEAS,2026-03-26,20:59,21:06,0.12,Incidencia,CAMBIO DE CUCHILLA,0.0,15.0,0.0,124203
1216,2,luk6,LINEAS,2026-03-26,20:59,21:06,0.12,Incidencia,CAMBIO DE CUCHILLA,0.0,15.0,0.0,124203
589,1,luk6,LINEAS,2026-03-26,22:11,05:58,7.46,Producción,,593.0,1.0,0.0,124203
1217,2,luk6,LINEAS,2026-03-26,22:11,05:58,7.46,Producción,,593.0,1.0,0.0,124203
590,1,luk6,LINEAS,2026-03-26,23:06,23:12,0.1,Incidencia,CAMBIO DE CUCHILLA,0.0,1.0,0.0,124203
1218,2,luk6,LINEAS,2026-03-26,23:06,23:12,0.1,Incidencia,CAMBIO DE CUCHILLA,0.0,1.0,0.0,124203
591,1,luk6,LINEAS,2026-03-27,06:38,06:47,0.15,Incidencia,CAMBIO DE CUCHILLA,0.0,8.0,0.0,124203
1219,2,luk6,LINEAS,2026-03-27,06:38,06:47,0.15,Incidencia,CAMBIO DE CUCHILLA,0.0,8.0,0.0,124203
592,1,luk6,LINEAS,2026-03-27,14:00,21:58,7.5,Producción,,589.0,32.0,0.0,124203
1220,2,luk6,LINEAS,2026-03-27,14:00,21:58,7.5,Producción,,589.0,32.0,0.0,124203
593,1,luk6,LINEAS,2026-03-27,16:18,16:28,0.17,Incidencia,CAMBIO DE CUCHILLA,0.0,32.0,0.0,124203
1221,2,luk6,LINEAS,2026-03-27,16:18,16:28,0.17,Incidencia,CAMBIO DE CUCHILLA,0.0,32.0,0.0,124203
594,1,luk6,LINEAS,2026-03-27,19:01,19:09,0.13,Incidencia,CAMBIO DE CUCHILLA,0.0,32.0,0.0,124203
1222,2,luk6,LINEAS,2026-03-27,19:01,19:09,0.13,Incidencia,CAMBIO DE CUCHILLA,0.0,32.0,0.0,124203
595,1,luk6,LINEAS,2026-03-27,21:36,21:46,0.17,Incidencia,CAMBIO DE CUCHILLA,0.0,32.0,0.0,124203
1223,2,luk6,LINEAS,2026-03-27,21:36,21:46,0.17,Incidencia,CAMBIO DE CUCHILLA,0.0,32.0,0.0,124203
596,1,luk6,LINEAS,2026-03-28,07:11,12:51,1.47,Producción,,58.0,0.0,0.0,124203
1224,2,luk6,LINEAS,2026-03-28,07:11,12:51,1.47,Producción,,58.0,0.0,0.0,124203
597,1,luk6,LINEAS,2026-03-28,08:38,09:38,1.0,Incidencia,CAMBIO OTRA MÁQUINA,0.0,0.0,0.0,124203
1225,2,luk6,LINEAS,2026-03-28,08:38,09:38,1.0,Incidencia,CAMBIO OTRA MÁQUINA,0.0,0.0,0.0,124203
598,1,luk6,LINEAS,2026-03-28,09:39,12:51,3.2,Incidencia,CAMBIO OTRA MÁQUINA,0.0,0.0,0.0,124203
1226,2,luk6,LINEAS,2026-03-28,09:39,12:51,3.2,Incidencia,CAMBIO OTRA MÁQUINA,0.0,0.0,0.0,124203
599,1,luk6,LINEAS,2026-03-29,22:00,22:01,0.02,Producción,,0.0,0.0,0.0,124203
1227,2,luk6,LINEAS,2026-03-29,22:00,22:01,0.02,Producción,,0.0,0.0,0.0,124203
600,1,luk6,LINEAS,2026-03-29,22:01,05:59,7.17,Producción,,431.0,3.0,0.0,124203
1228,2,luk6,LINEAS,2026-03-29,22:01,05:59,7.17,Producción,,431.0,3.0,0.0,124203
601,1,luk6,LINEAS,2026-03-29,23:47,23:47,0.0,Incidencia,AVERIA,0.0,0.0,0.0,
1229,2,luk6,LINEAS,2026-03-29,23:47,23:47,0.0,Incidencia,AVERIA,0.0,0.0,0.0,
602,1,luk6,LINEAS,2026-03-30,08:18,08:30,0.2,Incidencia,CAMBIO DE CUCHILLA,0.0,7.0,0.0,124203
1230,2,luk6,LINEAS,2026-03-30,08:18,08:30,0.2,Incidencia,CAMBIO DE CUCHILLA,0.0,7.0,0.0,124203
603,1,luk6,LINEAS,2026-03-30,11:05,11:14,0.15,Incidencia,CAMBIO DE CUCHILLA,0.0,7.0,0.0,124203
1231,2,luk6,LINEAS,2026-03-30,11:05,11:14,0.15,Incidencia,CAMBIO DE CUCHILLA,0.0,7.0,0.0,124203
604,1,luk6,LINEAS,2026-03-30,13:05,13:32,0.45,Incidencia,FALTA DE CALIDAD,0.0,7.0,0.0,124203
1232,2,luk6,LINEAS,2026-03-30,13:05,13:32,0.45,Incidencia,FALTA DE CALIDAD,0.0,7.0,0.0,124203
605,1,luk6,LINEAS,2026-03-30,13:46,13:54,0.13,Incidencia,CAMBIO DE CUCHILLA,0.0,7.0,0.0,124203
1233,2,luk6,LINEAS,2026-03-30,13:46,13:54,0.13,Incidencia,CAMBIO DE CUCHILLA,0.0,7.0,0.0,124203
606,1,luk6,LINEAS,2026-03-30,13:58,22:03,4.02,Producción,,318.0,2.0,0.0,124203
1234,2,luk6,LINEAS,2026-03-30,13:58,22:03,4.02,Producción,,318.0,2.0,0.0,124203
607,1,luk6,LINEAS,2026-03-30,14:21,17:12,2.85,Incidencia,AVERIA,0.0,0.0,0.0,
1235,2,luk6,LINEAS,2026-03-30,14:21,17:12,2.85,Incidencia,AVERIA,0.0,0.0,0.0,
608,1,luk6,LINEAS,2026-03-30,18:20,18:27,0.12,Incidencia,CAMBIO DE CUCHILLA,0.0,2.0,0.0,124203
1236,2,luk6,LINEAS,2026-03-30,18:20,18:27,0.12,Incidencia,CAMBIO DE CUCHILLA,0.0,2.0,0.0,124203
609,1,luk6,LINEAS,2026-03-30,20:31,21:14,0.72,Incidencia,AVERIA,0.0,0.0,0.0,
1237,2,luk6,LINEAS,2026-03-30,20:31,21:14,0.72,Incidencia,AVERIA,0.0,0.0,0.0,
610,1,luk6,LINEAS,2026-03-30,21:41,22:03,0.37,Incidencia,AVERIA,0.0,0.0,0.0,
1238,2,luk6,LINEAS,2026-03-30,21:41,22:03,0.37,Incidencia,AVERIA,0.0,0.0,0.0,
611,1,luk6,LINEAS,2026-03-30,22:03,05:59,7.01,Producción,,542.0,6.0,0.0,124203
612,1,luk6,LINEAS,2026-03-30,22:03,22:58,0.92,Incidencia,AVERIA,0.0,0.0,0.0,
1239,2,luk6,LINEAS,2026-03-30,22:03,05:59,7.01,Producción,,542.0,6.0,0.0,124203
1240,2,luk6,LINEAS,2026-03-30,22:03,22:58,0.92,Incidencia,AVERIA,0.0,0.0,0.0,
613,1,luk6,LINEAS,2026-03-31,06:00,14:00,4.82,Producción,,375.0,36.0,0.0,124203
1241,2,luk6,LINEAS,2026-03-31,06:00,14:00,4.82,Producción,,375.0,36.0,0.0,124203
614,1,luk6,LINEAS,2026-03-31,08:11,08:17,0.1,Incidencia,CAMBIO DE CUCHILLA,0.0,36.0,0.0,124203
1242,2,luk6,LINEAS,2026-03-31,08:11,08:17,0.1,Incidencia,CAMBIO DE CUCHILLA,0.0,36.0,0.0,124203
615,1,luk6,LINEAS,2026-03-31,10:46,11:12,0.43,Incidencia,AJUSTE MAQUINA,0.0,36.0,0.0,124203
1243,2,luk6,LINEAS,2026-03-31,10:46,11:12,0.43,Incidencia,AJUSTE MAQUINA,0.0,36.0,0.0,124203
616,1,luk6,LINEAS,2026-03-31,11:21,14:00,2.65,Incidencia,FALTA DE CALIDAD,0.0,36.0,0.0,124203
1244,2,luk6,LINEAS,2026-03-31,11:21,14:00,2.65,Incidencia,FALTA DE CALIDAD,0.0,36.0,0.0,124203
617,1,luk6,LINEAS,2026-03-31,14:00,21:58,6.21,Producción,,483.0,4.0,0.0,124203
1245,2,luk6,LINEAS,2026-03-31,14:00,21:58,6.21,Producción,,483.0,4.0,0.0,124203
618,1,luk6,LINEAS,2026-03-31,16:07,16:12,0.08,Incidencia,CAMBIO DE CUCHILLA,0.0,4.0,0.0,124203
1246,2,luk6,LINEAS,2026-03-31,16:07,16:12,0.08,Incidencia,CAMBIO DE CUCHILLA,0.0,4.0,0.0,124203
619,1,luk6,LINEAS,2026-03-31,17:46,18:02,0.27,Incidencia,CAMBIO DE CUCHILLA,0.0,4.0,0.0,124203
1247,2,luk6,LINEAS,2026-03-31,17:46,18:02,0.27,Incidencia,CAMBIO DE CUCHILLA,0.0,4.0,0.0,124203
620,1,luk6,LINEAS,2026-03-31,18:07,18:16,0.15,Incidencia,PARADA ROBOT,0.0,4.0,0.0,124203
1248,2,luk6,LINEAS,2026-03-31,18:07,18:16,0.15,Incidencia,PARADA ROBOT,0.0,4.0,0.0,124203
621,1,luk6,LINEAS,2026-03-31,19:28,19:34,0.1,Incidencia,CAMBIO DE CUCHILLA,0.0,4.0,0.0,124203
1249,2,luk6,LINEAS,2026-03-31,19:28,19:34,0.1,Incidencia,CAMBIO DE CUCHILLA,0.0,4.0,0.0,124203
622,1,luk6,LINEAS,2026-03-31,19:38,20:21,0.72,Incidencia,AVERIA,0.0,0.0,0.0,
1250,2,luk6,LINEAS,2026-03-31,19:38,20:21,0.72,Incidencia,AVERIA,0.0,0.0,0.0,
623,1,luk6,LINEAS,2026-03-31,21:32,21:39,0.12,Incidencia,AVERIA,0.0,0.0,0.0,
1251,2,luk6,LINEAS,2026-03-31,21:32,21:39,0.12,Incidencia,AVERIA,0.0,0.0,0.0,
624,1,luk6,LINEAS,2026-03-31,21:39,21:58,0.32,Incidencia,AVERIA,0.0,0.0,0.0,
1252,2,luk6,LINEAS,2026-03-31,21:39,21:58,0.32,Incidencia,AVERIA,0.0,0.0,0.0,
625,1,luk6,LINEAS,2026-03-31,21:58,06:00,7.47,Producción,,583.0,2.0,0.0,124203
1253,2,luk6,LINEAS,2026-03-31,21:58,06:00,7.47,Producción,,583.0,2.0,0.0,124203
626,1,luk6,LINEAS,2026-03-31,21:59,22:10,0.18,Incidencia,AVERIA,0.0,0.0,0.0,
1254,2,luk6,LINEAS,2026-03-31,21:59,22:10,0.18,Incidencia,AVERIA,0.0,0.0,0.0,
